id,business_term_id,status,analysis_type,executed_at_utc,inprogress_since_utc,finished_at_utc,scope_tables,bundle_fingerprint,iterations_count,convergence_reason,final_query_sql,final_metric_value,final_metric_unit,final_metric_interpretation,term_conditions_covered,term_conditions_missed,confidence,confidence_rationale,analyst_review_needed,analyst_review_reason,promoted_at_utc,promoted_by,superseded_by,last_source_ingestion_at,iteration_trace,bundle_token_count,llm_total_input_tokens,llm_total_output_tokens,llm_total_cost_usd,ontology_consumed,domain_facts_consumed,analysis_findings_consumed,dar_consumed,prior_bar_consumed,record_source,load_date,semantic_model_consumed,dbt_semantic_model_consumed,sourcing_recommendations,c5_input_tokens,c5_output_tokens,c5_cost_usd,c5_skipped_reason,bridge_coverage_consulted,tars_consulted,stage_a_blockers_consumed
BAR-00001,BG001,hard_stop,pre_s2t_reasoning,2026-04-22T10:16:44.279181,,2026-04-22T10:16:44.481172,"[""ekbe"", ""ekko"", ""mseg""]",,1,hard_stop_ontology_collision,CREATE TABLE fact_purchase_orders AS SELECT * FROM raw_sap.ekko,1.0,count,mock finalization output,"[""cond1""]",[],failed,mock rationale,true,Convergence reason: hard_stop_ontology_collision,,,,,"[{""iteration_num"": 1, ""query_sql"": ""CREATE TABLE fact_purchase_orders AS SELECT * FROM raw_sap.ekko"", ""result_summary"": {""row_count"": 0, ""sample_rows"": []}, ""llm_self_reflection"": """", ""term_condition_assessment"": [], ""gates_result"": {""compile"": ""not_evaluated"", ""run"": ""not_evaluated"", ""ontology_collision"": ""fail"", ""collisions"": [""fact_purchase_orders""], ""semantic_alignment"": null, ""shadow_rubric_score"": null, ""input_tokens"": 500, ""output_tokens"": 200, ""cache_read_input_tokens"": 0, ""cache_creation_input_tokens"": 0, ""budget_used_usd"": 0.05, ""semantic_model_consumed"": [], ""dbt_semantic_model_consumed"": []}, ""semantic_alignment_score"": null, ""shadow_rubric_score"": null, ""shadow_rubric_arithmetic_drift_flag"": false, ""scope_sanity_answer"": null, ""bundle_trimmed_layers"": []}]",12363,2600,1100,0.08499999999999999,[],[],[],[],[],piece8_term_injection,2026-04-22T10:16:44.279181,[],[],,,,,,,,
BAR-00002,BG027,failed,pre_s2t_reasoning,2026-04-26T08:43:49.673776,,2026-04-26T08:44:55.203370,"[""equi"", ""mkpf"", ""mseg"", ""objk"", ""seri""]",,1,hard_stop_finalization_attestation_failure,"WITH deployed_cpe AS (
  SELECT DISTINCT
    eq.EQUNR
  FROM main_staging.stg_sap__equi AS eq
  INNER JOIN main_staging.stg_sap__mseg AS m
    ON eq.MATNR = m.MATNR
  WHERE eq.EQART = 'CPE'
    AND m.BWART = '201'
),
returned_from_customer AS (
  SELECT DISTINCT
    eq.EQUNR
  FROM main_staging.stg_sap__equi AS eq
  INNER JOIN main_staging.stg_sap__mseg AS m
    ON eq.MATNR = m.MATNR
  WHERE eq.EQART = 'CPE'
    AND m.BWART = '161'
),
returned_to_vendor AS (
  SELECT DISTINCT
    eq.EQUNR
  FROM main_staging.stg_sap__equi AS eq
  INNER JOIN main_staging.stg_sap__mseg AS m
    ON eq.MATNR = m.MATNR
  WHERE eq.EQART = 'CPE'
    AND m.BWART = '122'
)
SELECT
  COUNT(DISTINCT d.EQUNR) AS cpe_active_deployed_count
FROM deployed_cpe d
WHERE d.EQUNR NOT IN (SELECT EQUNR FROM returned_from_customer)
  AND d.EQUNR NOT IN (SELECT EQUNR FROM returned_to_vendor)",,,Synthesized from iteration trace (finalization skipped — budget). Last iteration alignment=100; convergence=hard_stop_finalization_attestation_failure.,"[""filter: location = 'customer_location' (installed and working)"", ""exclusion: location != 'warehouse' (don't count warehouse inventory)"", ""exclusion: status != 'returned_by_customer'"", ""exclusion: status != 'defective_returned_to_vendor'"", ""aggregation: count of distinct cpe devices""]",[],failed,Auto-synthesized from iteration trace due to budget exhaustion before finalization LLM call. Convergence: hard_stop_finalization_attestation_failure.,true,Convergence reason: hard_stop_finalization_attestation_failure,,,,,"[{""iteration_num"": 1, ""query_sql"": ""WITH deployed_cpe AS (\n  SELECT DISTINCT\n    eq.EQUNR\n  FROM main_staging.stg_sap__equi AS eq\n  INNER JOIN main_staging.stg_sap__mseg AS m\n    ON eq.MATNR = m.MATNR\n  WHERE eq.EQART = 'CPE'\n    AND m.BWART = '201'\n),\nreturned_from_customer AS (\n  SELECT DISTINCT\n    eq.EQUNR\n  FROM main_staging.stg_sap__equi AS eq\n  INNER JOIN main_staging.stg_sap__mseg AS m\n    ON eq.MATNR = m.MATNR\n  WHERE eq.EQART = 'CPE'\n    AND m.BWART = '161'\n),\nreturned_to_vendor AS (\n  SELECT DISTINCT\n    eq.EQUNR\n  FROM main_staging.stg_sap__equi AS eq\n  INNER JOIN main_staging.stg_sap__mseg AS m\n    ON eq.MATNR = m.MATNR\n  WHERE eq.EQART = 'CPE'\n    AND m.BWART = '122'\n)\nSELECT\n  COUNT(DISTINCT d.EQUNR) AS cpe_active_deployed_count\nFROM deployed_cpe d\nWHERE d.EQUNR NOT IN (SELECT EQUNR FROM returned_from_customer)\n  AND d.EQUNR NOT IN (SELECT EQUNR FROM returned_to_vendor)"", ""result_summary"": {""row_count"": 1, ""sample_rows"": [[0]]}, ""llm_self_reflection"": ""SQL correctly interprets BWART semantics (201=deployed, 161/122=returns) and applies all exclusions, but produces zero rows. Critical flaw: equi-mseg join on MATNR creates catastrophic fanout (4500x per DAR-00298) without serial-level bridge via seri/objk. Movement type filters applied at wrong grain. Need seri.EQUNR-mseg.MBLNR bridge per DAR-00328 for 1:1 equipment-to-movement tracking."", ""term_condition_assessment"": [{""condition"": ""filter: location = 'customer_location' (installed and working)"", ""status"": ""COVERED"", ""evidence"": ""WHERE m.BWART = '201' filters for Goods Issue for Cost Center (deployment to customer)""}, {""condition"": ""exclusion: location != 'warehouse' (don't count warehouse inventory)"", ""status"": ""COVERED"", ""evidence"": ""BWART='201' explicitly represents deployment from warehouse; BWART='101' (warehouse receipts) excluded by design""}, {""condition"": ""exclusion: status != 'returned_by_customer'"", ""status"": ""COVERED"", ""evidence"": ""WHERE d.EQUNR NOT IN (SELECT EQUNR FROM returned_from_customer) excludes BWART='161' returns""}, {""condition"": ""exclusion: status != 'defective_returned_to_vendor'"", ""status"": ""COVERED"", ""evidence"": ""WHERE d.EQUNR NOT IN (SELECT EQUNR FROM returned_to_vendor) excludes BWART='122' defective returns""}, {""condition"": ""aggregation: count of distinct cpe devices"", ""status"": ""COVERED"", ""evidence"": ""SELECT COUNT(DISTINCT d.EQUNR) performs distinct count aggregation on equipment numbers""}], ""gates_result"": {""compile"": ""pass"", ""run"": ""pass"", ""row_count_ok"": true, ""semantic_alignment"": 100, ""shadow_rubric_score"": 40, ""input_tokens"": 6873, ""output_tokens"": 1638, ""cache_read_input_tokens"": 0, ""cache_creation_input_tokens"": 64941, ""budget_used_usd"": 0.43483499999999997, ""semantic_model_consumed"": [], ""dbt_semantic_model_consumed"": [""stg_sap__equi"", ""stg_sap__mseg""]}, ""semantic_alignment_score"": 100, ""shadow_rubric_score"": 40, ""shadow_rubric_arithmetic_drift_flag"": false, ""scope_sanity_answer"": ""no"", ""bundle_trimmed_layers"": []}]",32584,7637,1899,0.43649019999999994,[],[],[],[],[],piece8_term_injection,2026-04-26T08:43:49.673776,[],"[""stg_sap__equi"", ""stg_sap__mseg""]",,,,,,,,
BAR-00003,BG027,hard_stop,pre_s2t_reasoning,2026-04-26T14:08:27.489188,,2026-04-26T14:10:57.593138,"[""equi"", ""mkpf"", ""mseg"", ""objk"", ""seri""]",,2,hard_stop_scope_mismatch,"WITH deployed_equipment AS (
  SELECT DISTINCT
    eq.EQUNR,
    eq.SERGE
  FROM main_staging.stg_sap__equi AS eq
  WHERE eq.EQART = 'CPE'
    AND eq.SERGE IS NOT NULL
),
latest_movements AS (
  SELECT
    seri.EQUNR,
    m.BWART,
    m.MBLNR,
    h.BUDAT,
    ROW_NUMBER() OVER (PARTITION BY seri.EQUNR ORDER BY h.BUDAT DESC, m.MBLNR DESC) AS rn
  FROM main_staging.stg_sap__seri AS seri
  INNER JOIN main_staging.stg_sap__mseg AS m
    ON seri.MBLNR = m.MBLNR
    AND seri.ZEILE = m.ZEILE
  INNER JOIN main_staging.stg_sap__mkpf AS h
    ON m.MBLNR = h.MBLNR
  WHERE m.BWART IN ('101', '122', '161', '201')
)
SELECT
  COUNT(DISTINCT de.EQUNR) AS active_deployed_cpe_count
FROM deployed_equipment de
INNER JOIN latest_movements lm
  ON de.EQUNR = lm.EQUNR
WHERE lm.rn = 1
  AND lm.BWART = '201'",0.0,count,"The query returned zero active deployed CPE devices, indicating a data quality or scope mismatch issue. The logic correctly identifies equipment master records (45,000 CPE in EQUI) and filters for the latest movement type 201 (deployment) via the SERI bridge table. However, the zero result contradicts Stage A evidence showing 27,000 BWART='201' transactions. This suggests either: (1) SERI table lacks EQUNR linkage despite schema discovery showing 100% referential integrity, (2) the SERI-MSEG join via MBLNR+ZEILE composite key produces no matches due to data generation artifacts, or (3) required table is out of scope.","[""filter: device_status = 'installed and working'"", ""exclusion: location != 'warehouse'"", ""exclusion: status != 'returned by customer'"", ""exclusion: status != 'sent back to vendor as defective'"", ""grain: cpe_device""]",[],low,"Semantic alignment perfect (100%) across both iterations with all term conditions covered via BWART filtering. However, convergence_reason=hard_stop_scope_mismatch after two consecutive scope_sanity=no flags indicates critical table unavailability. Zero result contradicts Stage A analytics (27,000 deployments), revealing scope gap despite logically sound SQL and correct cardinality resolution (DAR-00328).",true,Convergence reason: hard_stop_scope_mismatch,,,,,"[{""iteration_num"": 1, ""query_sql"": ""WITH deployed_equipment AS (\n  SELECT DISTINCT\n    eq.EQUNR,\n    eq.SERGE\n  FROM main_staging.stg_sap__equi AS eq\n  INNER JOIN main_staging.stg_sap__objk AS obj\n    ON eq.EQUNR = obj.EQUNR\n  WHERE eq.EQART = 'CPE'\n    AND eq.SERGE IS NOT NULL\n),\nlatest_movements AS (\n  SELECT\n    obj.EQUNR,\n    m.BWART,\n    m.MBLNR,\n    h.BUDAT,\n    ROW_NUMBER() OVER (PARTITION BY obj.EQUNR ORDER BY h.BUDAT DESC, m.MBLNR DESC) AS rn\n  FROM main_staging.stg_sap__objk AS obj\n  INNER JOIN main_staging.stg_sap__mseg AS m\n    ON obj.MATNR = m.MATNR\n  INNER JOIN main_staging.stg_sap__mkpf AS h\n    ON m.MBLNR = h.MBLNR\n  WHERE m.BWART IN ('101', '122', '161', '201')\n)\nSELECT\n  COUNT(DISTINCT de.EQUNR) AS active_deployed_cpe_count\nFROM deployed_equipment de\nINNER JOIN latest_movements lm\n  ON de.EQUNR = lm.EQUNR\nWHERE lm.rn = 1\n  AND lm.BWART = '201'"", ""result_summary"": {""row_count"": 0, ""sample_rows"": []}, ""llm_self_reflection"": ""SQL logically correct: uses BWART='201' to isolate deployed CPE, window function for latest movement, excludes warehouse/returned states. But compile fails because EQUNR\u2192MBLNR join requires SERI bridge (DAR-00328 per_record_key 1.00x). Direct OBJK.MATNR\u2192MSEG.MATNR join creates catastrophic fanout (4500x per DAR-00298). Scope missing SERI table blocks execution despite semantically sound logic."", ""term_condition_assessment"": [{""condition"": ""filter: device_status = 'installed and working'"", ""status"": ""COVERED"", ""evidence"": ""lm.BWART = '201' filters to Goods Issue for Cost Center movements representing deployment""}, {""condition"": ""exclusion: location != 'warehouse'"", ""status"": ""COVERED"", ""evidence"": ""lm.BWART = '201' excludes BWART='101' (Goods Receipt) which represents warehouse stock""}, {""condition"": ""exclusion: status != 'returned by customer'"", ""status"": ""COVERED"", ""evidence"": ""lm.BWART = '201' excludes BWART='161' (Return from Customer) via IN clause filter""}, {""condition"": ""exclusion: status != 'sent back to vendor as defective'"", ""status"": ""COVERED"", ""evidence"": ""lm.BWART = '201' excludes BWART='122' (Return to Vendor) via IN clause filter""}, {""condition"": ""grain: cpe_device"", ""status"": ""COVERED"", ""evidence"": ""COUNT(DISTINCT de.EQUNR) aggregates at equipment-level grain per CPE device""}], ""gates_result"": {""compile"": ""fail"", ""run"": ""fail"", ""row_count_ok"": false, ""semantic_alignment"": 100, ""shadow_rubric_score"": 20, ""input_tokens"": 6789, ""output_tokens"": 1636, ""cache_read_input_tokens"": 0, ""cache_creation_input_tokens"": 64941, ""budget_used_usd"": 0.43455299999999997, ""semantic_model_consumed"": [], ""dbt_semantic_model_consumed"": [""stg_sap__equi"", ""stg_sap__mseg"", ""stg_sap__mkpf"", ""stg_sap__objk""]}, ""semantic_alignment_score"": 100, ""shadow_rubric_score"": 20, ""shadow_rubric_arithmetic_drift_flag"": false, ""scope_sanity_answer"": ""no"", ""bundle_trimmed_layers"": [], ""response"": {""ontology_consumed"": [""stg_sap__equi"", ""stg_sap__mseg"", ""stg_sap__mkpf"", ""stg_sap__objk""], ""domain_facts_consumed"": [""DF-0004"", ""DF-0010""], ""analysis_findings_consumed"": [], ""dar_consumed"": [""DAR-00209"", ""DAR-00210"", ""DAR-00211"", ""DAR-00216"", ""DAR-00217"", ""DAR-00218"", ""DAR-00224"", ""DAR-00231""], ""prior_bar_consumed"": [], ""semantic_model_consumed"": [], ""dbt_semantic_model_consumed"": [""stg_sap__equi"", ""stg_sap__mseg"", ""stg_sap__mkpf"", ""stg_sap__objk""]}}, {""iteration_num"": 2, ""query_sql"": ""WITH deployed_equipment AS (\n  SELECT DISTINCT\n    eq.EQUNR,\n    eq.SERGE\n  FROM main_staging.stg_sap__equi AS eq\n  WHERE eq.EQART = 'CPE'\n    AND eq.SERGE IS NOT NULL\n),\nlatest_movements AS (\n  SELECT\n    seri.EQUNR,\n    m.BWART,\n    m.MBLNR,\n    h.BUDAT,\n    ROW_NUMBER() OVER (PARTITION BY seri.EQUNR ORDER BY h.BUDAT DESC, m.MBLNR DESC) AS rn\n  FROM main_staging.stg_sap__seri AS seri\n  INNER JOIN main_staging.stg_sap__mseg AS m\n    ON seri.MBLNR = m.MBLNR\n    AND seri.ZEILE = m.ZEILE\n  INNER JOIN main_staging.stg_sap__mkpf AS h\n    ON m.MBLNR = h.MBLNR\n  WHERE m.BWART IN ('101', '122', '161', '201')\n)\nSELECT\n  COUNT(DISTINCT de.EQUNR) AS active_deployed_cpe_count\nFROM deployed_equipment de\nINNER JOIN latest_movements lm\n  ON de.EQUNR = lm.EQUNR\nWHERE lm.rn = 1\n  AND lm.BWART = '201'"", ""result_summary"": {""row_count"": 1, ""sample_rows"": [[0]]}, ""llm_self_reflection"": ""Iteration 2 correctly added SERI bridge (DAR-00328) replacing catastrophic OBJK.MATNR fanout. SQL now compiles and semantically covers all term conditions via BWART='201' filtering. But zero result unjustified: TAR-00010 shows 27,000 BWART='201' transactions; SERI.EQUNR join may have data quality issue or SERI excluded from scope. Scope sanity=no (second consecutive) should trigger hard stop."", ""term_condition_assessment"": [{""condition"": ""filter: device_status = 'installed and working'"", ""status"": ""COVERED"", ""evidence"": ""WHERE lm.rn = 1 AND lm.BWART = '201' isolates latest movement as deployment (201=Goods Issue for Cost Center)""}, {""condition"": ""exclusion: location != 'warehouse'"", ""status"": ""COVERED"", ""evidence"": ""BWART='201' filters out BWART='101' (Goods Receipt to warehouse per DF-0004/DAR-00224)""}, {""condition"": ""exclusion: status != 'returned by customer'"", ""status"": ""COVERED"", ""evidence"": ""BWART='201' filters out BWART='161' (Return from Customer per DF-0004/DAR-00224)""}, {""condition"": ""exclusion: status != 'sent back to vendor as defective'"", ""status"": ""COVERED"", ""evidence"": ""BWART='201' filters out BWART='122' (Return to Vendor per DF-0004/DAR-00224)""}, {""condition"": ""grain: cpe_device"", ""status"": ""COVERED"", ""evidence"": ""COUNT(DISTINCT de.EQUNR) aggregates at equipment number (CPE device) grain""}], ""gates_result"": {""compile"": ""pass"", ""run"": ""pass"", ""row_count_ok"": true, ""semantic_alignment"": 100, ""shadow_rubric_score"": 40, ""input_tokens"": 8894, ""output_tokens"": 1779, ""cache_read_input_tokens"": 64941, ""cache_creation_input_tokens"": 0, ""budget_used_usd"": 0.0728493, ""semantic_model_consumed"": [], ""dbt_semantic_model_consumed"": [""stg_sap__equi"", ""stg_sap__seri"", ""stg_sap__mseg"", ""stg_sap__mkpf""]}, ""semantic_alignment_score"": 100, ""shadow_rubric_score"": 40, ""shadow_rubric_arithmetic_drift_flag"": false, ""scope_sanity_answer"": ""no"", ""bundle_trimmed_layers"": [], ""response"": {""ontology_consumed"": [""stg_sap__equi"", ""stg_sap__objk"", ""stg_sap__mseg"", ""stg_sap__mkpf"", ""stg_sap__seri""], ""domain_facts_consumed"": [""DF-0004""], ""analysis_findings_consumed"": [], ""dar_consumed"": [""DAR-00328"", ""DAR-00298"", ""DAR-00522"", ""DAR-00217"", ""DAR-00222"", ""DAR-00224"", ""DAR-00231""], ""prior_bar_consumed"": [], ""semantic_model_consumed"": [], ""dbt_semantic_model_consumed"": [""stg_sap__equi"", ""stg_sap__seri"", ""stg_sap__mseg"", ""stg_sap__mkpf""]}}]",32584,23529,4450,0.7368985,"[""stg_sap__equi"", ""stg_sap__objk"", ""stg_sap__mseg"", ""stg_sap__mkpf"", ""stg_sap__seri""]","[""DF-0004"", ""DF-0010""]",[],"[""DAR-00209"", ""DAR-00210"", ""DAR-00211"", ""DAR-00216"", ""DAR-00217"", ""DAR-00218"", ""DAR-00222"", ""DAR-00224"", ""DAR-00231"", ""DAR-00298"", ""DAR-00328"", ""DAR-00522""]",[],piece8_term_injection,2026-04-26T14:08:27.489188,[],"[""stg_sap__equi"", ""stg_sap__objk"", ""stg_sap__mseg"", ""stg_sap__mkpf"", ""stg_sap__seri""]",,,,,,,,
BAR-00004,BG027,failed,pre_s2t_reasoning,2026-04-28T13:08:39.452872,,2026-04-28T13:09:19.439007,"[""equi"", ""mkpf"", ""mseg"", ""objk"", ""seri""]",,1,hard_stop_finalization_attestation_failure,"WITH deployed_equipment AS (
  SELECT DISTINCT
    eq.EQUNR,
    eq.SERGE
  FROM main_staging.stg_sap__equi AS eq
  INNER JOIN main_staging.stg_sap__objk AS obj
    ON eq.EQUNR = obj.EQUNR
  INNER JOIN main_staging.stg_sap__seri AS seri
    ON obj.EQUNR = seri.EQUNR
  INNER JOIN main_staging.stg_sap__mseg AS m
    ON seri.MBLNR = m.MBLNR
    AND seri.ZEILE = m.ZEILE
  WHERE eq.EQART = 'CPE'
    AND m.BWART = '201'
),
returned_equipment AS (
  SELECT DISTINCT
    eq.EQUNR
  FROM main_staging.stg_sap__equi AS eq
  INNER JOIN main_staging.stg_sap__objk AS obj
    ON eq.EQUNR = obj.EQUNR
  INNER JOIN main_staging.stg_sap__seri AS seri
    ON obj.EQUNR = seri.EQUNR
  INNER JOIN main_staging.stg_sap__mseg AS m
    ON seri.MBLNR = m.MBLNR
    AND seri.ZEILE = m.ZEILE
  WHERE eq.EQART = 'CPE'
    AND m.BWART IN ('161', '122')
)
SELECT
  COUNT(DISTINCT d.EQUNR) AS active_deployed_cpe_count
FROM deployed_equipment d
LEFT JOIN returned_equipment r
  ON d.EQUNR = r.EQUNR
WHERE r.EQUNR IS NULL",,,Synthesized from iteration trace (finalization skipped — budget). Last iteration alignment=None; convergence=hard_stop_finalization_attestation_failure.,[],[],failed,Auto-synthesized from iteration trace due to budget exhaustion before finalization LLM call. Convergence: hard_stop_finalization_attestation_failure.,true,Convergence reason: hard_stop_finalization_attestation_failure,,,,,"[{""iteration_num"": 1, ""query_sql"": ""WITH deployed_equipment AS (\n  SELECT DISTINCT\n    eq.EQUNR,\n    eq.SERGE\n  FROM main_staging.stg_sap__equi AS eq\n  INNER JOIN main_staging.stg_sap__objk AS obj\n    ON eq.EQUNR = obj.EQUNR\n  INNER JOIN main_staging.stg_sap__seri AS seri\n    ON obj.EQUNR = seri.EQUNR\n  INNER JOIN main_staging.stg_sap__mseg AS m\n    ON seri.MBLNR = m.MBLNR\n    AND seri.ZEILE = m.ZEILE\n  WHERE eq.EQART = 'CPE'\n    AND m.BWART = '201'\n),\nreturned_equipment AS (\n  SELECT DISTINCT\n    eq.EQUNR\n  FROM main_staging.stg_sap__equi AS eq\n  INNER JOIN main_staging.stg_sap__objk AS obj\n    ON eq.EQUNR = obj.EQUNR\n  INNER JOIN main_staging.stg_sap__seri AS seri\n    ON obj.EQUNR = seri.EQUNR\n  INNER JOIN main_staging.stg_sap__mseg AS m\n    ON seri.MBLNR = m.MBLNR\n    AND seri.ZEILE = m.ZEILE\n  WHERE eq.EQART = 'CPE'\n    AND m.BWART IN ('161', '122')\n)\nSELECT\n  COUNT(DISTINCT d.EQUNR) AS active_deployed_cpe_count\nFROM deployed_equipment d\nLEFT JOIN returned_equipment r\n  ON d.EQUNR = r.EQUNR\nWHERE r.EQUNR IS NULL"", ""result_summary"": {""row_count"": 0, ""sample_rows"": []}, ""llm_self_reflection"": """", ""term_condition_assessment"": [], ""gates_result"": {""compile"": ""not_evaluated"", ""run"": ""not_evaluated"", ""bridge_coverage"": ""fail"", ""bridge_violations"": [""Filter mseg.BWART='201' is unreachable through seri->mseg on MBLNR. Reachable values: ['101']. See DAR-00527."", ""Filter mseg.BWART IN ['122', '161']: ALL values unreachable through seri->mseg on MBLNR. Reachable values: ['101']. See DAR-00527."", ""Filter mseg.BWART='201' is unreachable through seri->mseg on MBLNR. Reachable values: ['101']. See DAR-00527."", ""Filter mseg.BWART IN ['122', '161']: ALL values unreachable through seri->mseg on MBLNR. Reachable values: ['101']. See DAR-00527.""], ""semantic_alignment"": null, ""shadow_rubric_score"": null, ""input_tokens"": 4437, ""output_tokens"": 968, ""cache_read_input_tokens"": 0, ""cache_creation_input_tokens"": 32785, ""budget_used_usd"": 0.224541, ""semantic_model_consumed"": [], ""dbt_semantic_model_consumed"": [""stg_sap__equi"", ""stg_sap__mseg"", ""stg_sap__objk""]}, ""semantic_alignment_score"": null, ""shadow_rubric_score"": null, ""shadow_rubric_arithmetic_drift_flag"": false, ""scope_sanity_answer"": null, ""bundle_trimmed_layers"": [], ""response"": {""ontology_consumed"": [""stg_sap__equi"", ""stg_sap__mseg"", ""stg_sap__mkpf"", ""stg_sap__objk"", ""stg_sap__seri""], ""domain_facts_consumed"": [""DF-0004"", ""DF-0009""], ""analysis_findings_consumed"": [], ""dar_consumed"": [""DAR-00216"", ""DAR-00217"", ""DAR-00218"", ""DAR-00221"", ""DAR-00222"", ""DAR-00224"", ""DAR-00209"", ""DAR-00210"", ""DAR-00211"", ""DAR-00214"", ""DAR-00215"", ""DAR-00523""], ""prior_bar_consumed"": [], ""semantic_model_consumed"": [], ""dbt_semantic_model_consumed"": [""stg_sap__equi"", ""stg_sap__mseg"", ""stg_sap__objk""]}}]",32898,5201,1259,0.2263162,"[""stg_sap__equi"", ""stg_sap__mseg"", ""stg_sap__mkpf"", ""stg_sap__objk"", ""stg_sap__seri""]","[""DF-0004"", ""DF-0009""]",[],"[""DAR-00216"", ""DAR-00217"", ""DAR-00218"", ""DAR-00221"", ""DAR-00222"", ""DAR-00224"", ""DAR-00209"", ""DAR-00210"", ""DAR-00211"", ""DAR-00214"", ""DAR-00215"", ""DAR-00523""]",[],piece8_term_injection,2026-04-28T13:08:39.452872,[],"[""stg_sap__equi"", ""stg_sap__mseg"", ""stg_sap__objk""]",,,,,,,,
BAR-00005,BG027,failed,pre_s2t_reasoning,2026-04-28T13:25:00.747646,,2026-04-28T13:25:32.069759,"[""equi"", ""mkpf"", ""mseg"", ""objk"", ""seri""]",,1,hard_stop_finalization_attestation_failure,"WITH deployed_cpe AS (
  SELECT DISTINCT
    eq.EQUNR,
    eq.SERGE
  FROM main_staging.stg_sap__equi AS eq
  WHERE eq.EQART = 'CPE'
),
latest_movements AS (
  SELECT
    obj.EQUNR,
    m.BWART,
    h.BUDAT,
    ROW_NUMBER() OVER (PARTITION BY obj.EQUNR ORDER BY h.BUDAT DESC) AS rn
  FROM main_staging.stg_sap__objk AS obj
  INNER JOIN main_staging.stg_sap__seri AS s
    ON obj.EQUNR = s.EQUNR
  INNER JOIN main_staging.stg_sap__mseg AS m
    ON s.MBLNR = m.MBLNR
  INNER JOIN main_staging.stg_sap__mkpf AS h
    ON m.MBLNR = h.MBLNR
  WHERE m.BWART IN ('101', '201', '161', '122')
)
SELECT
  COUNT(DISTINCT dc.EQUNR) AS active_deployed_cpe_count
FROM deployed_cpe dc
INNER JOIN latest_movements lm
  ON dc.EQUNR = lm.EQUNR
WHERE lm.rn = 1
  AND lm.BWART = '201'",,,Synthesized from iteration trace (finalization skipped — budget). Last iteration alignment=None; convergence=hard_stop_finalization_attestation_failure.,[],[],failed,Auto-synthesized from iteration trace due to budget exhaustion before finalization LLM call. Convergence: hard_stop_finalization_attestation_failure.,true,Convergence reason: hard_stop_finalization_attestation_failure,,,,,"[{""iteration_num"": 1, ""query_sql"": ""WITH deployed_cpe AS (\n  SELECT DISTINCT\n    eq.EQUNR,\n    eq.SERGE\n  FROM main_staging.stg_sap__equi AS eq\n  WHERE eq.EQART = 'CPE'\n),\nlatest_movements AS (\n  SELECT\n    obj.EQUNR,\n    m.BWART,\n    h.BUDAT,\n    ROW_NUMBER() OVER (PARTITION BY obj.EQUNR ORDER BY h.BUDAT DESC) AS rn\n  FROM main_staging.stg_sap__objk AS obj\n  INNER JOIN main_staging.stg_sap__seri AS s\n    ON obj.EQUNR = s.EQUNR\n  INNER JOIN main_staging.stg_sap__mseg AS m\n    ON s.MBLNR = m.MBLNR\n  INNER JOIN main_staging.stg_sap__mkpf AS h\n    ON m.MBLNR = h.MBLNR\n  WHERE m.BWART IN ('101', '201', '161', '122')\n)\nSELECT\n  COUNT(DISTINCT dc.EQUNR) AS active_deployed_cpe_count\nFROM deployed_cpe dc\nINNER JOIN latest_movements lm\n  ON dc.EQUNR = lm.EQUNR\nWHERE lm.rn = 1\n  AND lm.BWART = '201'"", ""result_summary"": {""row_count"": 0, ""sample_rows"": []}, ""llm_self_reflection"": """", ""term_condition_assessment"": [], ""gates_result"": {""compile"": ""not_evaluated"", ""run"": ""not_evaluated"", ""attestation"": ""fail"", ""semantic_alignment"": null, ""shadow_rubric_score"": null, ""input_tokens"": 4351, ""output_tokens"": 895, ""cache_read_input_tokens"": 0, ""cache_creation_input_tokens"": 32785, ""budget_used_usd"": 0.223188, ""semantic_model_consumed"": [], ""dbt_semantic_model_consumed"": [""stg_sap__equi"", ""stg_sap__mseg"", ""stg_sap__mkpf"", ""stg_sap__objk"", ""stg_sap__seri""]}, ""semantic_alignment_score"": null, ""shadow_rubric_score"": null, ""shadow_rubric_arithmetic_drift_flag"": false, ""scope_sanity_answer"": null, ""bundle_trimmed_layers"": [], ""response"": {""ontology_consumed"": [""stg_sap__equi"", ""stg_sap__mseg"", ""stg_sap__mkpf"", ""stg_sap__objk"", ""stg_sap__seri""], ""domain_facts_consumed"": [""DF-0004"", ""DF-0010""], ""analysis_findings_consumed"": [], ""dar_consumed"": [""DAR-00209"", ""DAR-00210"", ""DAR-00211"", ""DAR-00214"", ""DAR-00215"", ""DAR-00216"", ""DAR-00217"", ""DAR-00223"", ""DAR-00224"", ""DAR-00243"", ""DAR-00523"", ""DAR-00524"", ""DAR-00528""], ""prior_bar_consumed"": [], ""semantic_model_consumed"": [], ""dbt_semantic_model_consumed"": [""stg_sap__equi"", ""stg_sap__mseg"", ""stg_sap__mkpf"", ""stg_sap__objk"", ""stg_sap__seri""], ""bridge_coverage_consulted"": []}}]",32898,5115,1143,0.2247912,"[""stg_sap__equi"", ""stg_sap__mseg"", ""stg_sap__mkpf"", ""stg_sap__objk"", ""stg_sap__seri""]","[""DF-0004"", ""DF-0010""]",[],"[""DAR-00209"", ""DAR-00210"", ""DAR-00211"", ""DAR-00214"", ""DAR-00215"", ""DAR-00216"", ""DAR-00217"", ""DAR-00223"", ""DAR-00224"", ""DAR-00243"", ""DAR-00523"", ""DAR-00524"", ""DAR-00528""]",[],piece8_term_injection,2026-04-28T13:25:00.747646,[],"[""stg_sap__equi"", ""stg_sap__mseg"", ""stg_sap__mkpf"", ""stg_sap__objk"", ""stg_sap__seri""]",,,,,,,,
BAR-00006,BG027,hard_stop,pre_s2t_reasoning,2026-04-28T13:32:59.755396,,2026-04-28T13:33:42.547536,"[""equi"", ""mkpf"", ""mseg"", ""objk"", ""seri""]",,1,hard_stop_bridge_unreachable,"WITH latest_deployment AS (
  SELECT 
    s.EQUNR,
    s.SERNR,
    MAX(CASE WHEN m.BWART = '201' THEN h.BUDAT ELSE NULL END) AS last_deployment_date,
    MAX(CASE WHEN m.BWART IN ('161', '122') THEN h.BUDAT ELSE NULL END) AS last_return_date
  FROM main_staging.stg_sap__seri AS s
  INNER JOIN main_staging.stg_sap__mseg AS m 
    ON s.MBLNR = m.MBLNR AND s.ZEILE = m.ZEILE
  INNER JOIN main_staging.stg_sap__mkpf AS h 
    ON m.MBLNR = h.MBLNR
  WHERE m.BWART IN ('201', '161', '122')
  GROUP BY s.EQUNR, s.SERNR
)
SELECT 
  COUNT(DISTINCT e.EQUNR) AS cpe_active_deployed_count
FROM main_staging.stg_sap__equi AS e
INNER JOIN latest_deployment AS ld 
  ON e.EQUNR = ld.EQUNR
WHERE e.EQART = 'CPE'
  AND ld.last_deployment_date IS NOT NULL
  AND (ld.last_return_date IS NULL OR ld.last_deployment_date > ld.last_return_date)",,count,"The query attempted to count active deployed CPE devices by joining equipment records with serial number assignments and filtering for deployment movement types (201=deployment, 161=return from customer, 122=return to vendor). However, the query returned zero rows due to bridge coverage violations. The SERI table only contains goods receipt records (BWART=101) and lacks the deployment and return movement types needed to distinguish currently deployed equipment from warehouse stock or returned devices. Without access to deployment transaction history through the SERI bridge, the metric cannot be computed from the available data model.",[],"[""Don't count ones still in the warehouse"", ""Don't count returned by customer"", ""Don't count sent back to vendor as defective""]",failed,"Zero confidence due to hard_stop_bridge_unreachable convergence. The bridge coverage gate identified that deployment and return movement types (201, 161, 122) are completely unreachable through the seri->mseg join path, with only goods receipt movements (101) available. All three term conditions requiring exclusion of warehouse, returned, and defective equipment cannot be evaluated with the accessible data.",true,Convergence reason: hard_stop_bridge_unreachable,,,,,"[{""iteration_num"": 1, ""query_sql"": ""WITH latest_deployment AS (\n  SELECT \n    s.EQUNR,\n    s.SERNR,\n    MAX(CASE WHEN m.BWART = '201' THEN h.BUDAT ELSE NULL END) AS last_deployment_date,\n    MAX(CASE WHEN m.BWART IN ('161', '122') THEN h.BUDAT ELSE NULL END) AS last_return_date\n  FROM main_staging.stg_sap__seri AS s\n  INNER JOIN main_staging.stg_sap__mseg AS m \n    ON s.MBLNR = m.MBLNR AND s.ZEILE = m.ZEILE\n  INNER JOIN main_staging.stg_sap__mkpf AS h \n    ON m.MBLNR = h.MBLNR\n  WHERE m.BWART IN ('201', '161', '122')\n  GROUP BY s.EQUNR, s.SERNR\n)\nSELECT \n  COUNT(DISTINCT e.EQUNR) AS cpe_active_deployed_count\nFROM main_staging.stg_sap__equi AS e\nINNER JOIN latest_deployment AS ld \n  ON e.EQUNR = ld.EQUNR\nWHERE e.EQART = 'CPE'\n  AND ld.last_deployment_date IS NOT NULL\n  AND (ld.last_return_date IS NULL OR ld.last_deployment_date > ld.last_return_date)"", ""result_summary"": {""row_count"": 0, ""sample_rows"": []}, ""llm_self_reflection"": """", ""term_condition_assessment"": [], ""gates_result"": {""compile"": ""not_evaluated"", ""run"": ""not_evaluated"", ""bridge_coverage"": ""fail"", ""bridge_violations"": [""Filter mseg.BWART IN ['122', '161', '201']: ALL values unreachable through seri->mseg on MBLNR. Reachable values: ['101']. See DAR-00527."", ""Filter mseg.BWART IN ['122', '161', '201']: ALL values unreachable through seri->mseg on MBLNR. Reachable values: ['101']. See DAR-00527.""], ""semantic_alignment"": null, ""shadow_rubric_score"": null, ""input_tokens"": 4367, ""output_tokens"": 874, ""cache_read_input_tokens"": 0, ""cache_creation_input_tokens"": 32785, ""budget_used_usd"": 0.222921, ""semantic_model_consumed"": [], ""dbt_semantic_model_consumed"": [""stg_sap__equi"", ""stg_sap__mseg"", ""stg_sap__mkpf"", ""stg_sap__seri""]}, ""semantic_alignment_score"": null, ""shadow_rubric_score"": null, ""shadow_rubric_arithmetic_drift_flag"": false, ""scope_sanity_answer"": null, ""bundle_trimmed_layers"": [], ""response"": {""ontology_consumed"": [""stg_sap__equi"", ""stg_sap__mseg"", ""stg_sap__mkpf"", ""stg_sap__objk"", ""stg_sap__seri""], ""domain_facts_consumed"": [""DF-0004"", ""DF-0010""], ""analysis_findings_consumed"": [], ""dar_consumed"": [""DAR-00216"", ""DAR-00217"", ""DAR-00222"", ""DAR-00224"", ""DAR-00210"", ""DAR-00209"", ""DAR-00215"", ""DAR-00522"", ""DAR-00328""], ""prior_bar_consumed"": [], ""semantic_model_consumed"": [], ""dbt_semantic_model_consumed"": [""stg_sap__equi"", ""stg_sap__mseg"", ""stg_sap__mkpf"", ""stg_sap__seri""], ""bridge_coverage_consulted"": [""DAR-00523""]}}]",32898,8608,1789,0.44157620000000003,"[""stg_sap__equi"", ""stg_sap__mseg"", ""stg_sap__mkpf"", ""stg_sap__objk"", ""stg_sap__seri""]","[""DF-0004"", ""DF-0010""]",[],"[""DAR-00216"", ""DAR-00217"", ""DAR-00222"", ""DAR-00224"", ""DAR-00210"", ""DAR-00209"", ""DAR-00215"", ""DAR-00522"", ""DAR-00328""]",[],piece8_term_injection,2026-04-28T13:32:59.755396,[],"[""stg_sap__equi"", ""stg_sap__mseg"", ""stg_sap__mkpf"", ""stg_sap__seri""]",,,,,,"[""DAR-00523""]",,
BAR-00007,BG027,needs_data_extension,pre_s2t_reasoning,2026-04-28T14:46:18.208264,,2026-04-28T14:47:25.209794,"[""equi"", ""mkpf"", ""mseg"", ""objk"", ""seri""]",,1,hard_stop_bridge_unreachable,"WITH deployed_cpe AS (
  SELECT DISTINCT
    s.EQUNR
  FROM main_staging.stg_sap__seri AS s
  INNER JOIN main_staging.stg_sap__mseg AS m
    ON s.MBLNR = m.MBLNR
    AND s.ZEILE = m.ZEILE
  WHERE m.BWART = '201'
),
returned_cpe AS (
  SELECT DISTINCT
    s.EQUNR
  FROM main_staging.stg_sap__seri AS s
  INNER JOIN main_staging.stg_sap__mseg AS m
    ON s.MBLNR = m.MBLNR
    AND s.ZEILE = m.ZEILE
  WHERE m.BWART IN ('161', '122')
)
SELECT
  COUNT(DISTINCT d.EQUNR) AS cpe_active_deployed_count
FROM deployed_cpe d
LEFT JOIN returned_cpe r
  ON d.EQUNR = r.EQUNR
WHERE r.EQUNR IS NULL",,count,"The query attempted to count active deployed CPE devices by identifying equipment issued to customers (movement type 201) and excluding returned equipment (movement types 161 and 122). However, the bridge coverage gate blocked execution because the join path from seri to mseg via MBLNR only reaches goods receipt transactions (BWART=101), not deployment or return transactions. The data model does not support tracking deployment state through the serial-to-movement linkage attempted in this query. No metric value was produced due to gate failure before execution.",[],"[""Don't count ones still in the warehouse"", ""Don't count returned by customer"", ""Don't count sent back to vendor as defective""]",failed,"Bridge coverage gate failure prevented query execution. DAR-00528 shows seri->mseg bridge via MBLNR only reaches BWART=101 (goods receipt), not deployment (201) or return (161/122) transactions required to distinguish active deployed equipment from warehouse stock and returns. All three term conditions remain unverified due to unreachable join path.",true,Convergence reason: hard_stop_bridge_unreachable,,,,,"[{""iteration_num"": 1, ""query_sql"": ""WITH deployed_cpe AS (\n  SELECT DISTINCT\n    s.EQUNR\n  FROM main_staging.stg_sap__seri AS s\n  INNER JOIN main_staging.stg_sap__mseg AS m\n    ON s.MBLNR = m.MBLNR\n    AND s.ZEILE = m.ZEILE\n  WHERE m.BWART = '201'\n),\nreturned_cpe AS (\n  SELECT DISTINCT\n    s.EQUNR\n  FROM main_staging.stg_sap__seri AS s\n  INNER JOIN main_staging.stg_sap__mseg AS m\n    ON s.MBLNR = m.MBLNR\n    AND s.ZEILE = m.ZEILE\n  WHERE m.BWART IN ('161', '122')\n)\nSELECT\n  COUNT(DISTINCT d.EQUNR) AS cpe_active_deployed_count\nFROM deployed_cpe d\nLEFT JOIN returned_cpe r\n  ON d.EQUNR = r.EQUNR\nWHERE r.EQUNR IS NULL"", ""result_summary"": {""row_count"": 0, ""sample_rows"": []}, ""llm_self_reflection"": """", ""term_condition_assessment"": [], ""gates_result"": {""compile"": ""not_evaluated"", ""run"": ""not_evaluated"", ""bridge_coverage"": ""fail"", ""bridge_violations"": [""Filter mseg.BWART='201' is unreachable through seri->mseg on MBLNR. Reachable values: ['101']. See DAR-00527."", ""Filter mseg.BWART IN ['122', '161']: ALL values unreachable through seri->mseg on MBLNR. Reachable values: ['101']. See DAR-00527."", ""Filter mseg.BWART='201' is unreachable through seri->mseg on MBLNR. Reachable values: ['101']. See DAR-00527."", ""Filter mseg.BWART IN ['122', '161']: ALL values unreachable through seri->mseg on MBLNR. Reachable values: ['101']. See DAR-00527.""], ""semantic_alignment"": null, ""shadow_rubric_score"": null, ""input_tokens"": 4359, ""output_tokens"": 767, ""cache_read_input_tokens"": 0, ""cache_creation_input_tokens"": 32785, ""budget_used_usd"": 0.221292, ""semantic_model_consumed"": [], ""dbt_semantic_model_consumed"": [""stg_sap__equi"", ""stg_sap__mseg"", ""stg_sap__mkpf"", ""stg_sap__seri""]}, ""semantic_alignment_score"": null, ""shadow_rubric_score"": null, ""shadow_rubric_arithmetic_drift_flag"": false, ""scope_sanity_answer"": null, ""bundle_trimmed_layers"": [], ""response"": {""ontology_consumed"": [""stg_sap__equi"", ""stg_sap__mseg"", ""stg_sap__mkpf"", ""stg_sap__objk"", ""stg_sap__seri""], ""domain_facts_consumed"": [""DF-0004"", ""DF-0010""], ""analysis_findings_consumed"": [], ""dar_consumed"": [""DAR-00217"", ""DAR-00216"", ""DAR-00224"", ""DAR-00209"", ""DAR-00210"", ""DAR-00211"", ""DAR-00214"", ""DAR-00528"", ""DAR-00522"", ""DAR-00296""], ""prior_bar_consumed"": [], ""semantic_model_consumed"": [], ""dbt_semantic_model_consumed"": [""stg_sap__equi"", ""stg_sap__mseg"", ""stg_sap__mkpf"", ""stg_sap__seri""], ""bridge_coverage_consulted"": [""DAR-00528""]}}]",32898,8614,1671,0.48124120000000004,"[""stg_sap__equi"", ""stg_sap__mseg"", ""stg_sap__mkpf"", ""stg_sap__objk"", ""stg_sap__seri""]","[""DF-0004"", ""DF-0010""]",[],"[""DAR-00217"", ""DAR-00216"", ""DAR-00224"", ""DAR-00209"", ""DAR-00210"", ""DAR-00211"", ""DAR-00214"", ""DAR-00528"", ""DAR-00522"", ""DAR-00296""]",[],piece8_term_injection,2026-04-28T14:46:18.208264,[],"[""stg_sap__equi"", ""stg_sap__mseg"", ""stg_sap__mkpf"", ""stg_sap__seri""]","{""validated_recommendations"": [{""table_name"": ""EQUZ"", ""tier"": ""primary"", ""join_keys"": [""MANDT"", ""EQUNR""], ""rationale"": ""Equipment time segment table tracks equipment status over time segments (DATAB/DATBI date ranges) with status field ESTAI. This directly addresses the reachability violation: the current approach filters MSEG.BWART for movement types ('201' for goods issue, '161'/'122' for returns) but these specific movement types aren't present in the SERI->MSEG bridge (only '101' exists). EQUZ.ESTAI contains installation/deployment status codes that can identify 'installed and working' equipment without relying on movement type inference. Join from EQUI or SERI via EQUNR."", ""catalog_brief_description"": ""Equipment time segment"", ""classification"": ""A"", ""recommendation_grade"": ""verified"", ""llm_confidence_grade"": ""high"", ""seed_columns"": null, ""catalog_key_fields"": [""MANDT"", ""EQUNR"", ""DATBI"", ""EQLFN"", ""EQUZN"", ""ERDAT"", ""ERNAM"", ""AEDAT"", ""AENAM"", ""TIMBI"", ""ESTAI"", ""ESTAE"", ""STNAM"", ""LVORM"", ""DATAB"", ""IWERK"", ""IWERKI"", ""SUBMT""]}, {""table_name"": ""EQBS"", ""tier"": ""primary"", ""join_keys"": [""MANDT"", ""EQUNR""], ""rationale"": ""Serial Number Stock Segment tracks physical location of serialized equipment with fields B_WERK (plant), B_LAGER (storage location), SOBKZ (special stock indicator), KUNNR (customer), LIFNR (vendor). This directly supports filtering 'installed at customer locations' (KUNNR populated) vs 'in warehouse' (B_LAGER populated, no KUNNR) vs 'returned to vendor' (LIFNR in return context). Complements EQUZ by providing location-based filtering independent of movement types."", ""catalog_brief_description"": ""Serial Number Stock Segment"", ""classification"": ""C"", ""recommendation_grade"": ""divergence_warning"", ""llm_confidence_grade"": ""high"", ""seed_columns"": [""EQUNR"", ""BEGDT"", ""USTXT"", ""STAT_DESC""], ""catalog_key_fields"": [""MANDT"", ""EQUNR"", ""LBBSA"", ""B_WERK"", ""B_LAGER"", ""B_CHARGE"", ""SOBKZ"", ""KUNNR"", ""LIFNR"", ""KDAUF"", ""KDPOS"", ""PS_PSP_PNR""]}, {""table_name"": ""ILOA"", ""tier"": ""hypothesis"", ""join_keys"": [""MANDT"", ""ILOAN""], ""rationale"": ""PM Object Location and Account Assignment table links equipment to functional locations and provides installation context through TPLNR (functional location), SWERK (maintenance plant), STORT (location). Can be joined via OBJK.ILOAN. Useful if equipment installation locations are managed through PM functional location hierarchy rather than direct customer assignment."", ""catalog_brief_description"": ""PM Object Location and Account Assignment"", ""classification"": ""A"", ""recommendation_grade"": ""verified"", ""llm_confidence_grade"": ""medium"", ""seed_columns"": null, ""catalog_key_fields"": [""MANDT"", ""ILOAN"", ""TPLNR"", ""ABCKZ"", ""ABCKZI"", ""EQFNR"", ""EQFNRI"", ""SWERK"", ""SWERKI"", ""STORT"", ""STORTI"", ""MSGRP"", ""MSGRPI"", ""BEBER"", ""BEBERI"", ""CR_OBJTY"", ""PPSID"", ""PPSIDI""]}, {""table_name"": ""IFLOT"", ""tier"": ""hypothesis"", ""join_keys"": [""MANDT"", ""TPLNR""], ""rationale"": ""Functional Location master data. If equipment installation locations are tracked via functional location hierarchy (common in telco for CPE deployed at customer premises), IFLOT provides location attributes and status (PSTAE system status). Join through ILOA.TPLNR or if EQUI has functional location reference."", ""catalog_brief_description"": ""Functional Location (Table)"", ""classification"": ""A"", ""recommendation_grade"": ""verified"", ""llm_confidence_grade"": ""medium"", ""seed_columns"": null, ""catalog_key_fields"": [""MANDT"", ""TPLNR"", ""MLANG"", ""TPLKZ"", ""FLTYP"", ""TPLMA"", ""ERDAT"", ""ERNAM"", ""AEDAT"", ""AENAM"", ""DATAB"", ""BEGRU"", ""TRPNR"", ""PSTAE"", ""STNAM"", ""LVORM"", ""SUBMT"", ""SUBMTI""]}, {""table_name"": ""SER03"", ""tier"": ""hypothesis"", ""join_keys"": [""MANDT"", ""OBKNR""], ""rationale"": ""Document Header for Serial Numbers for Goods Movements. Alternative serial number tracking that includes BWART (movement type), KUNDE (customer), LIEFERANT (vendor), WERK, LAGERORT. May contain broader movement type coverage than the SERI->MSEG bridge. Join via OBJK.OBKNR or SERI linkage if available."", ""catalog_brief_description"": ""Document Header for Serial Numbers for Goods Movements"", ""classification"": ""C"", ""recommendation_grade"": ""divergence_warning"", ""llm_confidence_grade"": ""medium"", ""seed_columns"": [""OBKNR"", ""OBZAE"", ""SDESSION_TYPE"", ""MBLNR"", ""ZEILE"", ""MATNR"", ""MENGE"", ""MEINS""], ""catalog_key_fields"": [""MANDT"", ""OBKNR"", ""MBLNR"", ""MJAHR"", ""ZEILE"", ""BLART"", ""BWART"", ""SHKZG"", ""DATUM"", ""UZEIT"", ""LETZNR"", ""ANZSN"", ""VORGANG"", ""LIEFERANT"", ""KUNDE"", ""WERK"", ""LAGERORT"", ""CHARGE""]}], ""catalog_gaps"": [""JEST (Individual Object Status) would be ideal for tracking equipment system/user status but is not in the catalog"", ""TJ02 (System Status) or TJ30 (User Status) tables for decoding EQUZ.ESTAI status codes are not in the catalog"", ""Custom Z-tables for CPE-specific deployment tracking (ZCPE_STATUS, ZCPE_LOCATION) may exist in customer namespace but cannot be validated from standard catalog""], ""summary"": {""total_recommendations"": 5, ""case_a_count"": 3, ""case_b_count"": 0, ""case_c_count"": 2, ""case_d_count"": 0}}",6346,1489,0.041373,,"[""DAR-00528""]",,
BAR-00008,BG027,converged,pre_s2t_reasoning,2026-04-28T19:57:59.603993,,2026-04-28T19:59:01.168400,"[""equi"", ""mkpf"", ""mseg"", ""objk"", ""seri""]",,1,converged_soft,"WITH latest_movement_per_equipment AS (
  SELECT 
    eq.EQUNR,
    eq.SERGE,
    m.BWART,
    h.BUDAT,
    ROW_NUMBER() OVER (PARTITION BY eq.EQUNR ORDER BY h.BUDAT DESC, m.ZEILE DESC) as rn
  FROM main_staging.stg_sap__equi eq
  INNER JOIN main_staging.stg_sap__seri seri 
    ON eq.EQUNR = seri.EQUNR
  INNER JOIN main_staging.stg_sap__mseg m 
    ON seri.MBLNR = m.MBLNR 
    AND seri.ZEILE = m.ZEILE
  INNER JOIN main_staging.stg_sap__mkpf h 
    ON m.MBLNR = h.MBLNR 
    AND m.MJAHR = h.MJAHR
  WHERE eq.EQART = 'CPE'
    AND m.BWART IN ('101', '201', '161', '122')
)
SELECT 
  COUNT(DISTINCT EQUNR) as active_deployed_cpe_count
FROM latest_movement_per_equipment
WHERE rn = 1
  AND BWART = '201'",0.0,count,"The query returns zero active deployed CPE devices, indicating either a data quality issue or incomplete serial number tracking between equipment master (EQUI) and material movements (MSEG). The SQL logic correctly filters for movement type 201 (Goods Issue for Cost Center representing deployment) and excludes warehouse stock, customer returns, and vendor returns. However, the EQUI→SERI→MSEG join path may lack referential integrity, or BWART='201' transactions may not have corresponding serial number assignments in the SERI bridge table. This zero result contradicts the existence of 45,000 equipment records in EQUI and 27,000 type-201 movements in MSEG, suggesting the bridge table does not connect these datasets.","[""exclusion: location != 'warehouse'"", ""exclusion: status != 'returned by customer'"", ""exclusion: status != 'sent back to vendor as defective'"", ""grain: cpe_device""]","[""filter: device_status = 'installed and working'""]",medium,"Query logic correctly implements movement type semantics and exclusions per DAR-00224 and movement_type_mapping, achieving 90% semantic alignment. However, zero result with missed 'working' state verification and potential SERI bridge gap warrant analyst review. Converged soft due to logical correctness despite unexpected empty result.",true,Converged but 1 in-scope condition(s) remain unmet,,,,,"[{""iteration_num"": 1, ""query_sql"": ""WITH latest_movement_per_equipment AS (\n  SELECT \n    eq.EQUNR,\n    eq.SERGE,\n    m.BWART,\n    h.BUDAT,\n    ROW_NUMBER() OVER (PARTITION BY eq.EQUNR ORDER BY h.BUDAT DESC, m.ZEILE DESC) as rn\n  FROM main_staging.stg_sap__equi eq\n  INNER JOIN main_staging.stg_sap__seri seri \n    ON eq.EQUNR = seri.EQUNR\n  INNER JOIN main_staging.stg_sap__mseg m \n    ON seri.MBLNR = m.MBLNR \n    AND seri.ZEILE = m.ZEILE\n  INNER JOIN main_staging.stg_sap__mkpf h \n    ON m.MBLNR = h.MBLNR \n    AND m.MJAHR = h.MJAHR\n  WHERE eq.EQART = 'CPE'\n    AND m.BWART IN ('101', '201', '161', '122')\n)\nSELECT \n  COUNT(DISTINCT EQUNR) as active_deployed_cpe_count\nFROM latest_movement_per_equipment\nWHERE rn = 1\n  AND BWART = '201'"", ""result_summary"": {""row_count"": 1, ""sample_rows"": [[0]]}, ""llm_self_reflection"": ""SQL correctly implements BWART='201' filter for deployed state and excludes warehouse/returned/defective via movement type semantics. Join path equi\u2192seri\u2192mseg\u2192mkpf follows documented relationships. Zero result suggests data issue rather than logic flaw: either seri bridge incomplete or BWART='201' transactions lack serial tracking. 'Working' vs 'defective' distinction within deployed state remains unresolved."", ""term_condition_assessment"": [{""condition"": ""filter: device_status = 'installed and working'"", ""type"": ""filter"", ""status"": ""PARTIAL"", ""evidence"": ""WHERE BWART = '201' filters for deployed status, but lacks verification of 'working' state vs defective equipment""}, {""condition"": ""exclusion: location != 'warehouse'"", ""type"": ""exclusion"", ""status"": ""COVERED"", ""evidence"": ""WHERE BWART = '201' excludes BWART='101' (Goods Receipt for PO) which represents warehouse stock per DAR-00224""}, {""condition"": ""exclusion: status != 'returned by customer'"", ""type"": ""exclusion"", ""status"": ""COVERED"", ""evidence"": ""WHERE BWART = '201' excludes BWART='161' (Return from Customer) per movement_type_mapping and DAR-00224""}, {""condition"": ""exclusion: status != 'sent back to vendor as defective'"", ""type"": ""exclusion"", ""status"": ""COVERED"", ""evidence"": ""WHERE BWART = '201' excludes BWART='122' (Return to Vendor) per movement_type_mapping""}, {""condition"": ""grain: cpe_device"", ""type"": ""grain"", ""status"": ""COVERED"", ""evidence"": ""COUNT(DISTINCT EQUNR) aggregates at equipment-level grain per stg_sap__equi primary key""}], ""gates_result"": {""compile"": ""pass"", ""run"": ""pass"", ""row_count_ok"": true, ""bridge_coverage"": ""pass"", ""semantic_alignment"": 90, ""shadow_rubric_score"": 85, ""input_tokens"": 7901, ""output_tokens"": 1797, ""cache_read_input_tokens"": 0, ""cache_creation_input_tokens"": 66523, ""budget_used_usd"": 0.449796, ""semantic_model_consumed"": [""equi"", ""mseg"", ""mkpf"", ""seri""], ""dbt_semantic_model_consumed"": [""stg_sap__equi"", ""stg_sap__mseg"", ""stg_sap__mkpf"", ""stg_sap__seri""]}, ""semantic_alignment_score"": 90, ""shadow_rubric_score"": 85, ""shadow_rubric_arithmetic_drift_flag"": false, ""scope_sanity_answer"": ""yes"", ""bundle_trimmed_layers"": [], ""response"": {""ontology_consumed"": [""fact_active_deployed_cpe"", ""dim_equipment"", ""fact_goods_movements"", ""obt_cpe_lifecycle""], ""domain_facts_consumed"": [""DF-0004"", ""DF-0010"", ""DF-0009""], ""analysis_findings_consumed"": [], ""dar_consumed"": [""DAR-00209"", ""DAR-00210"", ""DAR-00214"", ""DAR-00215"", ""DAR-00216"", ""DAR-00217"", ""DAR-00221"", ""DAR-00222"", ""DAR-00223"", ""DAR-00224"", ""DAR-00228"", ""DAR-00231"", ""DAR-00522""], ""prior_bar_consumed"": [], ""semantic_model_consumed"": [""equi"", ""mseg"", ""mkpf"", ""seri""], ""dbt_semantic_model_consumed"": [""stg_sap__equi"", ""stg_sap__mseg"", ""stg_sap__mkpf"", ""stg_sap__seri""], ""bridge_coverage_consulted"": [""DAR-00523""], ""tars_consulted"": [""TAR-00002"", ""TAR-00006"", ""TAR-00009"", ""TAR-00010"", ""TAR-00014"", ""TAR-00016""], ""stage_a_blockers_consumed"": [""iter1.b0""]}}]",33375,13189,2806,0.6759742,"[""fact_active_deployed_cpe"", ""dim_equipment"", ""fact_goods_movements"", ""obt_cpe_lifecycle""]","[""DF-0004"", ""DF-0010"", ""DF-0009""]",[],"[""DAR-00209"", ""DAR-00210"", ""DAR-00214"", ""DAR-00215"", ""DAR-00216"", ""DAR-00217"", ""DAR-00221"", ""DAR-00222"", ""DAR-00223"", ""DAR-00224"", ""DAR-00228"", ""DAR-00231"", ""DAR-00522""]",[],piece8_term_injection,2026-04-28T19:57:59.603993,"[""equi"", ""mseg"", ""mkpf"", ""seri""]","[""stg_sap__equi"", ""stg_sap__mseg"", ""stg_sap__mkpf"", ""stg_sap__seri""]",,,,,,"[""DAR-00523""]","[""TAR-00002"", ""TAR-00006"", ""TAR-00009"", ""TAR-00010"", ""TAR-00014"", ""TAR-00016""]","[""iter1.b0""]"
BAR-00009,BG027,converged,pre_s2t_reasoning,2026-04-28T20:05:16.839244,,2026-04-28T20:06:17.061550,"[""equi"", ""mkpf"", ""mseg"", ""objk"", ""seri""]",,1,converged_soft,"WITH latest_movement_per_equipment AS (
  SELECT 
    eq.""EQUNR"",
    eq.""SERGE"",
    m.""BWART"",
    h.""BUDAT"",
    ROW_NUMBER() OVER (PARTITION BY eq.""EQUNR"" ORDER BY h.""BUDAT"" DESC, m.""ZEILE"" DESC) AS rn
  FROM main_staging.stg_sap__equi eq
  INNER JOIN main_staging.stg_sap__seri s ON eq.""EQUNR"" = s.""EQUNR""
  INNER JOIN main_staging.stg_sap__mseg m ON s.""MBLNR"" = m.""MBLNR"" AND s.""ZEILE"" = m.""ZEILE""
  INNER JOIN main_staging.stg_sap__mkpf h ON m.""MBLNR"" = h.""MBLNR""
  WHERE eq.""EQART"" = 'CPE'
    AND m.""BWART"" IN ('101', '201', '161', '122')
)
SELECT COUNT(DISTINCT ""EQUNR"") AS active_deployed_cpe_count
FROM latest_movement_per_equipment
WHERE rn = 1
  AND ""BWART"" = '201'",0.0,count,"The query returned zero active deployed CPE devices, indicating either data quality issues in the bridge path between equipment master (EQUI) and material movements (MSEG via SERI), or incomplete population of the SERI serial assignment table. The semantic logic correctly filters for BWART='201' (Goods Issue for Cost Center = deployed state) and uses window functions to capture the latest movement per equipment. However, the equi→seri→mseg join path produced no matches despite 45,000 equipment records in EQUI and 31,965 movements in MSEG. This suggests the SERI bridge table may not fully link equipment deployments to their material document line items, requiring investigation of serial number assignment processes at goods issue posting.","[""exclusion: location != 'warehouse'"", ""exclusion: status != 'returned by customer'"", ""exclusion: status != 'defective' OR destination != 'vendor'"", ""aggregation: count of cpe devices"", ""grain: cpe device""]","[""filter: device_status = 'installed and working'""]",medium,"Semantic alignment is strong (92%) with correct BWART filtering and grain aggregation, but zero-result outcome indicates execution failure in the join path. One condition missed (working status filter). Convergence was soft (single iteration), not validated by subsequent runs. Requires data quality investigation before production use.",true,Converged but 1 in-scope condition(s) remain unmet,,,,,"[{""iteration_num"": 1, ""query_sql"": ""WITH latest_movement_per_equipment AS (\n  SELECT \n    eq.\""EQUNR\"",\n    eq.\""SERGE\"",\n    m.\""BWART\"",\n    h.\""BUDAT\"",\n    ROW_NUMBER() OVER (PARTITION BY eq.\""EQUNR\"" ORDER BY h.\""BUDAT\"" DESC, m.\""ZEILE\"" DESC) AS rn\n  FROM main_staging.stg_sap__equi eq\n  INNER JOIN main_staging.stg_sap__seri s ON eq.\""EQUNR\"" = s.\""EQUNR\""\n  INNER JOIN main_staging.stg_sap__mseg m ON s.\""MBLNR\"" = m.\""MBLNR\"" AND s.\""ZEILE\"" = m.\""ZEILE\""\n  INNER JOIN main_staging.stg_sap__mkpf h ON m.\""MBLNR\"" = h.\""MBLNR\""\n  WHERE eq.\""EQART\"" = 'CPE'\n    AND m.\""BWART\"" IN ('101', '201', '161', '122')\n)\nSELECT COUNT(DISTINCT \""EQUNR\"") AS active_deployed_cpe_count\nFROM latest_movement_per_equipment\nWHERE rn = 1\n  AND \""BWART\"" = '201'"", ""result_summary"": {""row_count"": 1, ""sample_rows"": [[0]]}, ""llm_self_reflection"": ""SQL correctly implements BWART=201 filter for deployed state and uses ROW_NUMBER to capture latest movement per equipment. However, zero result indicates join path failure despite correct semantic logic. The equi\u2192seri\u2192mseg bridge may miss records due to incomplete seri population or composite key misalignment (MBLNR+ZEILE). Strong semantic alignment (92%) undermined by execution issue requiring join diagnostics."", ""term_condition_assessment"": [{""condition"": ""filter: device_status = 'installed and working'"", ""status"": ""PARTIAL"", ""evidence"": ""WHERE rn = 1 AND BWART = '201' captures deployed state but lacks 'working' filter (no defect/malfunction exclusion)""}, {""condition"": ""exclusion: location != 'warehouse'"", ""status"": ""COVERED"", ""evidence"": ""AND BWART = '201' (Goods Issue for Cost Center) excludes BWART='101' (Goods Receipt = warehouse stock)""}, {""condition"": ""exclusion: status != 'returned by customer'"", ""status"": ""COVERED"", ""evidence"": ""AND BWART = '201' excludes BWART='161' (Return from Customer) per DF-0004 mapping""}, {""condition"": ""exclusion: status != 'defective' OR destination != 'vendor'"", ""status"": ""COVERED"", ""evidence"": ""AND BWART = '201' excludes BWART='122' (Return to Vendor) representing defective returns per movement_type_mapping""}, {""condition"": ""aggregation: count of cpe devices"", ""status"": ""COVERED"", ""evidence"": ""SELECT COUNT(DISTINCT EQUNR) counts individual CPE devices at correct grain""}, {""condition"": ""grain: cpe device"", ""status"": ""COVERED"", ""evidence"": ""COUNT(DISTINCT EQUNR) aggregates at equipment number level (per-device grain) validated by DAR-00522""}], ""gates_result"": {""compile"": ""pass"", ""run"": ""pass"", ""row_count_ok"": true, ""bridge_coverage"": ""pass"", ""semantic_alignment"": 92, ""shadow_rubric_score"": 85, ""input_tokens"": 8157, ""output_tokens"": 1984, ""cache_read_input_tokens"": 0, ""cache_creation_input_tokens"": 66523, ""budget_used_usd"": 0.45336899999999997, ""semantic_model_consumed"": [""equi"", ""mseg"", ""mkpf"", ""objk"", ""seri""], ""dbt_semantic_model_consumed"": [""stg_sap__equi"", ""stg_sap__mseg"", ""stg_sap__mkpf"", ""stg_sap__objk"", ""stg_sap__seri""]}, ""semantic_alignment_score"": 92, ""shadow_rubric_score"": 85, ""shadow_rubric_arithmetic_drift_flag"": false, ""scope_sanity_answer"": ""yes"", ""bundle_trimmed_layers"": [], ""response"": {""ontology_consumed"": [""stg_sap__equi"", ""stg_sap__mseg"", ""stg_sap__mkpf"", ""stg_sap__objk"", ""stg_sap__seri""], ""domain_facts_consumed"": [""DF-0004"", ""DF-0010""], ""analysis_findings_consumed"": [], ""dar_consumed"": [""DAR-00210"", ""DAR-00217"", ""DAR-00224"", ""DAR-00209"", ""DAR-00216"", ""DAR-00523"", ""DAR-00524"", ""DAR-00525"", ""DAR-00528""], ""prior_bar_consumed"": [], ""semantic_model_consumed"": [""equi"", ""mseg"", ""mkpf"", ""objk"", ""seri""], ""dbt_semantic_model_consumed"": [""stg_sap__equi"", ""stg_sap__mseg"", ""stg_sap__mkpf"", ""stg_sap__objk"", ""stg_sap__seri""], ""bridge_coverage_consulted"": [""DAR-00523"", ""DAR-00524"", ""DAR-00525"", ""DAR-00528""], ""tars_consulted"": [""TAR-00009"", ""TAR-00010"", ""TAR-00016"", ""TAR-00017""], ""stage_a_blockers_consumed"": [""iter1.b0""]}}]",33375,13531,3070,0.6801572,"[""stg_sap__equi"", ""stg_sap__mseg"", ""stg_sap__mkpf"", ""stg_sap__objk"", ""stg_sap__seri""]","[""DF-0004"", ""DF-0010""]",[],"[""DAR-00210"", ""DAR-00217"", ""DAR-00224"", ""DAR-00209"", ""DAR-00216"", ""DAR-00523"", ""DAR-00524"", ""DAR-00525"", ""DAR-00528""]",[],piece8_term_injection,2026-04-28T20:05:16.839244,"[""equi"", ""mseg"", ""mkpf"", ""objk"", ""seri""]","[""stg_sap__equi"", ""stg_sap__mseg"", ""stg_sap__mkpf"", ""stg_sap__objk"", ""stg_sap__seri""]",,,,,,"[""DAR-00523"", ""DAR-00524"", ""DAR-00525"", ""DAR-00528""]","[""TAR-00009"", ""TAR-00010"", ""TAR-00016"", ""TAR-00017""]","[""iter1.b0""]"
BAR-00010,BG027,needs_data_extension,pre_s2t_reasoning,2026-04-28T20:28:38.253594,,2026-04-28T20:29:41.405586,"[""equi"", ""mkpf"", ""mseg"", ""objk"", ""seri""]",,1,hard_stop_bridge_unreachable,"WITH latest_movement AS (
  SELECT 
    obj.EQUNR,
    obj.SERNR,
    m.BWART,
    h.BUDAT,
    ROW_NUMBER() OVER (PARTITION BY obj.EQUNR ORDER BY h.BUDAT DESC, m.ZEILE DESC) as rn
  FROM main_staging.stg_sap__objk obj
  INNER JOIN main_staging.stg_sap__seri seri 
    ON obj.EQUNR = seri.EQUNR
  INNER JOIN main_staging.stg_sap__mseg m 
    ON seri.MBLNR = m.MBLNR 
    AND seri.ZEILE = m.ZEILE
  INNER JOIN main_staging.stg_sap__mkpf h 
    ON m.MBLNR = h.MBLNR
  WHERE m.BWART IN ('101', '201', '161', '122')
)
SELECT 
  COUNT(DISTINCT lm.EQUNR) as cpe_active_deployed_count
FROM latest_movement lm
INNER JOIN main_staging.stg_sap__equi eq 
  ON lm.EQUNR = eq.EQUNR
WHERE lm.rn = 1
  AND lm.BWART = '201'
  AND eq.EQART = 'CPE'",,count,"Query execution was blocked by bridge coverage validation before producing results. The attempted logic sought to count CPE equipment where the most recent movement was type 201 (Goods Issue for Cost Center, indicating deployment). The bridge path seri->mseg filters on MBLNR alone, which only captures goods receipt transactions (BWART='101'), not deployment movements ('201'). This fundamental data model constraint prevents distinguishing currently deployed CPE from warehouse stock using the proposed join strategy. Zero rows returned reflects validation failure, not actual deployed count.",[],"[""Don't count ones still in the warehouse"", ""Don't count returned by customer"", ""Don't count sent back to vendor as defective"", ""Currently installed and working at customer locations""]",failed,"Bridge coverage hard stop indicates the join path cannot reach deployment movement type 201 through the MBLNR-based seri->mseg bridge, which only exposes goods receipt records (101). All term conditions requiring state differentiation (warehouse/returned/defective/deployed) remain unaddressed due to structural data model limitation blocking execution.",true,Convergence reason: hard_stop_bridge_unreachable,,,,,"[{""iteration_num"": 1, ""query_sql"": ""WITH latest_movement AS (\n  SELECT \n    obj.EQUNR,\n    obj.SERNR,\n    m.BWART,\n    h.BUDAT,\n    ROW_NUMBER() OVER (PARTITION BY obj.EQUNR ORDER BY h.BUDAT DESC, m.ZEILE DESC) as rn\n  FROM main_staging.stg_sap__objk obj\n  INNER JOIN main_staging.stg_sap__seri seri \n    ON obj.EQUNR = seri.EQUNR\n  INNER JOIN main_staging.stg_sap__mseg m \n    ON seri.MBLNR = m.MBLNR \n    AND seri.ZEILE = m.ZEILE\n  INNER JOIN main_staging.stg_sap__mkpf h \n    ON m.MBLNR = h.MBLNR\n  WHERE m.BWART IN ('101', '201', '161', '122')\n)\nSELECT \n  COUNT(DISTINCT lm.EQUNR) as cpe_active_deployed_count\nFROM latest_movement lm\nINNER JOIN main_staging.stg_sap__equi eq \n  ON lm.EQUNR = eq.EQUNR\nWHERE lm.rn = 1\n  AND lm.BWART = '201'\n  AND eq.EQART = 'CPE'"", ""result_summary"": {""row_count"": 0, ""sample_rows"": []}, ""llm_self_reflection"": """", ""term_condition_assessment"": [], ""gates_result"": {""compile"": ""not_evaluated"", ""run"": ""not_evaluated"", ""bridge_coverage"": ""fail"", ""bridge_violations"": [""Filter mseg.BWART='201' is unreachable through seri->mseg on MBLNR. Reachable values: ['101']. See DAR-00527.""], ""semantic_alignment"": null, ""shadow_rubric_score"": null, ""input_tokens"": 5236, ""output_tokens"": 839, ""cache_read_input_tokens"": 0, ""cache_creation_input_tokens"": 33262, ""budget_used_usd"": 0.227865, ""semantic_model_consumed"": [""mseg"", ""equi""], ""dbt_semantic_model_consumed"": [""stg_sap__equi"", ""stg_sap__mseg"", ""stg_sap__mkpf"", ""stg_sap__objk"", ""stg_sap__seri""]}, ""semantic_alignment_score"": null, ""shadow_rubric_score"": null, ""shadow_rubric_arithmetic_drift_flag"": false, ""scope_sanity_answer"": null, ""bundle_trimmed_layers"": [], ""response"": {""ontology_consumed"": [""stg_sap__equi"", ""stg_sap__mseg"", ""stg_sap__mkpf"", ""stg_sap__objk"", ""stg_sap__seri""], ""domain_facts_consumed"": [""DF-0004"", ""DF-0010""], ""analysis_findings_consumed"": [], ""dar_consumed"": [""DAR-00209"", ""DAR-00210"", ""DAR-00217"", ""DAR-00224"", ""DAR-00231"", ""DAR-00328"", ""DAR-00522""], ""prior_bar_consumed"": [], ""semantic_model_consumed"": [""mseg"", ""equi""], ""dbt_semantic_model_consumed"": [""stg_sap__equi"", ""stg_sap__mseg"", ""stg_sap__mkpf"", ""stg_sap__objk"", ""stg_sap__seri""], ""bridge_coverage_consulted"": [""DAR-00523""], ""tars_consulted"": [""TAR-00001"", ""TAR-00006"", ""TAR-00009"", ""TAR-00014"", ""TAR-00016""], ""stage_a_blockers_consumed"": [""iter1.b0""]}}]",33375,9549,1755,0.4873612,"[""stg_sap__equi"", ""stg_sap__mseg"", ""stg_sap__mkpf"", ""stg_sap__objk"", ""stg_sap__seri""]","[""DF-0004"", ""DF-0010""]",[],"[""DAR-00209"", ""DAR-00210"", ""DAR-00217"", ""DAR-00224"", ""DAR-00231"", ""DAR-00328"", ""DAR-00522""]",[],piece8_term_injection,2026-04-28T20:28:38.253594,"[""mseg"", ""equi""]","[""stg_sap__equi"", ""stg_sap__mseg"", ""stg_sap__mkpf"", ""stg_sap__objk"", ""stg_sap__seri""]","{""validated_recommendations"": [{""table_name"": ""SER03"", ""tier"": ""primary"", ""join_keys"": [""MANDT"", ""MBLNR"", ""MJAHR"", ""ZEILE""], ""rationale"": ""SER03 is the document header for serial numbers for goods movements and bridges SERI to MSEG through MBLNR (material document). The reachability violation shows that joining SERI->MSEG on MBLNR only reaches movement type 101 (goods receipt), not 201 (goods issue). SER03.BWART contains the actual movement type for the serial number transaction, and SER03 joins to both SERI (via SERNR) and MSEG (via MBLNR+MJAHR+ZEILE). This should provide the correct bridge to reach movement type 201 for deployed/issued CPE devices."", ""catalog_brief_description"": ""Document Header for Serial Numbers for Goods Movements"", ""classification"": ""C"", ""recommendation_grade"": ""divergence_warning"", ""llm_confidence_grade"": ""high"", ""seed_columns"": [""OBKNR"", ""OBZAE"", ""SDESSION_TYPE"", ""MBLNR"", ""ZEILE"", ""MATNR"", ""MENGE"", ""MEINS""], ""catalog_key_fields"": [""MANDT"", ""OBKNR"", ""MBLNR"", ""MJAHR"", ""ZEILE"", ""BLART"", ""BWART"", ""SHKZG"", ""DATUM"", ""UZEIT"", ""LETZNR"", ""ANZSN"", ""VORGANG"", ""LIEFERANT"", ""KUNDE"", ""WERK"", ""LAGERORT"", ""CHARGE""]}, {""table_name"": ""EQUZ"", ""tier"": ""primary"", ""join_keys"": [""MANDT"", ""EQUNR"", ""DATBI"", ""DATAB""], ""rationale"": ""EQUZ is the equipment time segment table that tracks equipment status changes over time (ESTAI/ESTAE fields). Since the term requires filtering for 'installed and working' status and excluding 'returned' or 'defective' status, EQUZ.ESTAI could contain system status indicators that distinguish warehouse, deployed, returned, and defective states. Joins to EQUI on EQUNR with time-based filtering on DATBI/DATAB for current status."", ""catalog_brief_description"": ""Equipment time segment"", ""classification"": ""A"", ""recommendation_grade"": ""verified"", ""llm_confidence_grade"": ""high"", ""seed_columns"": null, ""catalog_key_fields"": [""MANDT"", ""EQUNR"", ""DATBI"", ""EQLFN"", ""EQUZN"", ""ERDAT"", ""ERNAM"", ""AEDAT"", ""AENAM"", ""TIMBI"", ""ESTAI"", ""ESTAE"", ""STNAM"", ""LVORM"", ""DATAB"", ""IWERK"", ""IWERKI"", ""SUBMT""]}, {""table_name"": ""ILOA"", ""tier"": ""hypothesis"", ""join_keys"": [""MANDT"", ""TPLNR"", ""ILOAN""], ""rationale"": ""ILOA contains PM object location and account assignment data. If CPE devices are tracked via functional locations (TPLNR), this table could help distinguish warehouse locations from customer installation locations. The STORT/STORTI fields represent location identifiers. Would need to join EQUI->ILOA if equipment has functional location assignments."", ""catalog_brief_description"": ""PM Object Location and Account Assignment"", ""classification"": ""A"", ""recommendation_grade"": ""verified"", ""llm_confidence_grade"": ""medium"", ""seed_columns"": null, ""catalog_key_fields"": [""MANDT"", ""ILOAN"", ""TPLNR"", ""ABCKZ"", ""ABCKZI"", ""EQFNR"", ""EQFNRI"", ""SWERK"", ""SWERKI"", ""STORT"", ""STORTI"", ""MSGRP"", ""MSGRPI"", ""BEBER"", ""BEBERI"", ""CR_OBJTY"", ""PPSID"", ""PPSIDI""]}, {""table_name"": ""EQBS"", ""tier"": ""hypothesis"", ""join_keys"": [""MANDT"", ""EQUNR""], ""rationale"": ""EQBS is the serial number stock segment table that tracks stock classification (SOBKZ) and locations (B_WERK, B_LAGER for plant/storage location). Fields like KUNNR (customer) and LIFNR (vendor) could help distinguish deployed-to-customer vs warehouse vs returned-to-vendor states. However, it may be more stock-focused than deployment-status-focused."", ""catalog_brief_description"": ""Serial Number Stock Segment"", ""classification"": ""C"", ""recommendation_grade"": ""divergence_warning"", ""llm_confidence_grade"": ""medium"", ""seed_columns"": [""EQUNR"", ""BEGDT"", ""USTXT"", ""STAT_DESC""], ""catalog_key_fields"": [""MANDT"", ""EQUNR"", ""LBBSA"", ""B_WERK"", ""B_LAGER"", ""B_CHARGE"", ""SOBKZ"", ""KUNNR"", ""LIFNR"", ""KDAUF"", ""KDPOS"", ""PS_PSP_PNR""]}, {""table_name"": ""SER01"", ""tier"": ""hypothesis"", ""join_keys"": [""MANDT"", ""OBKNR""], ""rationale"": ""SER01 is the document header for serial numbers for delivery (SD documents). If CPE devices are deployed via delivery documents (VBTYP, LIEF_NR), this could track customer deployments. The KUNDE field identifies the customer. Could join via OBKNR to OBJK to EQUI, providing an alternative path to identify customer-deployed equipment vs warehouse stock."", ""catalog_brief_description"": ""Document Header for Serial Numbers for Delivery"", ""classification"": ""C"", ""recommendation_grade"": ""divergence_warning"", ""llm_confidence_grade"": ""medium"", ""seed_columns"": [""OBKNR"", ""OBZAE"", ""SDESSION_TYPE"", ""EBELN"", ""EBELP"", ""MATNR"", ""MENGE"", ""MEINS""], ""catalog_key_fields"": [""MANDT"", ""OBKNR"", ""LIEF_NR"", ""POSNR"", ""DATUM"", ""LETZNR"", ""KUNDE"", ""ANZSN"", ""VORGANG"", ""UZEIT"", ""VBTYP"", ""BWART"", ""VKORG"", ""VTWEG"", ""SPART"", ""LTSPS""]}], ""catalog_gaps"": [""A custom status table (Z-table) for CPE device lifecycle states (installed, working, defective, returned) may be needed if standard SAP equipment status codes in EQUZ don't sufficiently distinguish these business-specific states"", ""JEST (Individual Object Status) table is not in the catalog but would be valuable - it contains system and user status for equipment objects and could definitively distinguish installed/defective/returned states"", ""TJ30 (Status Profile Texts) and TJ02T (System Status Texts) are not in the catalog but would help interpret EQUZ status codes""], ""summary"": {""total_recommendations"": 5, ""case_a_count"": 2, ""case_b_count"": 0, ""case_c_count"": 3, ""case_d_count"": 0}}",6278,1258,0.037704,,"[""DAR-00523""]","[""TAR-00001"", ""TAR-00006"", ""TAR-00009"", ""TAR-00014"", ""TAR-00016""]","[""iter1.b0""]"
BAR-00011,BG031,promoted,pre_s2t_reasoning,2026-07-03T22:29:33.953443,,2026-07-03T22:30:25.125688,"[""category_translation"", ""order_items"", ""orders"", ""products""]",,1,converged_soft,"WITH item_revenue AS (
  SELECT
    oi.order_id,
    oi.product_id,
    oi.price
  FROM raw_olist.order_items oi
),
filtered_orders AS (
  SELECT
    o.order_id,
    DATE_TRUNC('month', o.order_purchase_timestamp) AS purchase_month
  FROM raw_olist.orders o
  WHERE o.order_status != 'canceled'
),
product_categories AS (
  SELECT
    p.product_id,
    COALESCE(ct.product_category_name_english, 'uncategorized') AS category_english
  FROM raw_olist.products p
  LEFT JOIN raw_olist.category_translation ct
    ON p.product_category_name = ct.product_category_name
)
SELECT
  pc.category_english AS product_category,
  fo.purchase_month AS order_month,
  SUM(ir.price) AS gmv_brl
FROM item_revenue ir
INNER JOIN filtered_orders fo
  ON ir.order_id = fo.order_id
INNER JOIN product_categories pc
  ON ir.product_id = pc.product_id
GROUP BY
  pc.category_english,
  fo.purchase_month
ORDER BY
  fo.purchase_month,
  pc.category_english",,BRL,"The query produces 1,282 rows representing monthly gross merchandise value across 74 product categories (including 'uncategorized') over a 26-month period from September 2016 to October 2018. Each row shows the sum of item prices (excluding freight) for non-canceled orders within a specific category-month combination. Sample values range from BRL 72.89 (furniture_decor, Sep 2016) to BRL 1,707.09 (air_conditioning, Oct 2016), indicating significant variance in category performance across time. This granular breakdown enables category-level revenue trend analysis and strategic inventory planning.","[""exclusion: orders that are canceled"", ""unit: item price excluding freight"", ""grain: per English product category per month of order purchase"", ""filter: products without a category are grouped as 'uncategorized'"", ""aggregation: sum of item price""]",[],high,"Converged on first iteration with 100% semantic alignment and shadow rubric score. All five term conditions covered with empirical DAR validation (canceled order count, null category handling, temporal span, cardinality-safe joins). No scope sanity concerns raised. Result row count (1,282) aligns with expected dimensionality (74 categories × ~26 months).",false,,2026-07-04T00:45:00.000000,olist_experiment,,,"[{""iteration_num"": 1, ""query_sql"": ""WITH item_revenue AS (\n  SELECT\n    oi.order_id,\n    oi.product_id,\n    oi.price\n  FROM raw_olist.order_items oi\n),\nfiltered_orders AS (\n  SELECT\n    o.order_id,\n    DATE_TRUNC('month', o.order_purchase_timestamp) AS purchase_month\n  FROM raw_olist.orders o\n  WHERE o.order_status != 'canceled'\n),\nproduct_categories AS (\n  SELECT\n    p.product_id,\n    COALESCE(ct.product_category_name_english, 'uncategorized') AS category_english\n  FROM raw_olist.products p\n  LEFT JOIN raw_olist.category_translation ct\n    ON p.product_category_name = ct.product_category_name\n)\nSELECT\n  pc.category_english AS product_category,\n  fo.purchase_month AS order_month,\n  SUM(ir.price) AS gmv_brl\nFROM item_revenue ir\nINNER JOIN filtered_orders fo\n  ON ir.order_id = fo.order_id\nINNER JOIN product_categories pc\n  ON ir.product_id = pc.product_id\nGROUP BY\n  pc.category_english,\n  fo.purchase_month\nORDER BY\n  fo.purchase_month,\n  pc.category_english"", ""result_summary"": {""row_count"": 1282, ""sample_rows"": [[""furniture_decor"", ""2016-09-01 00:00:00"", 72.89], [""health_beauty"", ""2016-09-01 00:00:00"", 134.97], [""air_conditioning"", ""2016-10-01 00:00:00"", 1707.0900000000004]]}, ""llm_self_reflection"": ""First iteration SQL fully implements all five term conditions. Cancelled orders filtered via order_status predicate (DAR-00971 confirms 625 canceled rows). Price excludes freight per order_items.price column. Grain matches category_english \u00d7 purchase_month GROUP BY. Uncategorized products handled via COALESCE (DAR-00981/00982 confirm 610 null categories). SUM aggregation correct. Row count 1,282 plausible for 74 categories \u00d7 ~26 months (DAR-00931 spans Sept 2016\u2013Oct 2018). All joins follow safe cardinality directions per DAR-00958/00962/00963."", ""term_condition_assessment"": [{""condition"": ""exclusion: orders that are canceled"", ""status"": ""COVERED"", ""evidence"": ""filtered_orders CTE applies WHERE o.order_status != 'canceled'""}, {""condition"": ""unit: item price excluding freight"", ""status"": ""COVERED"", ""evidence"": ""item_revenue CTE selects oi.price (not oi.freight_value)""}, {""condition"": ""grain: per English product category per month of order purchase"", ""status"": ""COVERED"", ""evidence"": ""GROUP BY pc.category_english, fo.purchase_month where purchase_month = DATE_TRUNC('month', order_purchase_timestamp)""}, {""condition"": ""filter: products without a category are grouped as 'uncategorized'"", ""status"": ""COVERED"", ""evidence"": ""product_categories CTE uses COALESCE(ct.product_category_name_english, 'uncategorized')""}, {""condition"": ""aggregation: sum of item price"", ""status"": ""COVERED"", ""evidence"": ""Final SELECT applies SUM(ir.price) AS gmv_brl""}], ""gates_result"": {""compile"": ""pass"", ""run"": ""pass"", ""row_count_ok"": true, ""bridge_coverage"": ""skipped_no_dars"", ""semantic_alignment"": 100, ""shadow_rubric_score"": 100, ""input_tokens"": 7894, ""output_tokens"": 1761, ""cache_read_input_tokens"": 0, ""cache_creation_input_tokens"": 38827, ""budget_used_usd"": 0.283059, ""semantic_model_consumed"": [], ""dbt_semantic_model_consumed"": []}, ""semantic_alignment_score"": 100, ""shadow_rubric_score"": 100, ""shadow_rubric_arithmetic_drift_flag"": false, ""scope_sanity_answer"": ""yes"", ""bundle_trimmed_layers"": [], ""response"": {""ontology_consumed"": [], ""domain_facts_consumed"": [], ""analysis_findings_consumed"": [], ""dar_consumed"": [""DAR-00981"", ""DAR-00982"", ""DAR-00974"", ""DAR-00976"", ""DAR-00910"", ""DAR-00970"", ""DAR-00971"", ""DAR-00973"", ""DAR-00931"", ""DAR-00958"", ""DAR-00962"", ""DAR-00963"", ""DAR-00992"", ""DAR-00993""], ""prior_bar_consumed"": [], ""semantic_model_consumed"": [], ""dbt_semantic_model_consumed"": [], ""bridge_coverage_consulted"": [], ""tars_consulted"": [], ""stage_a_blockers_consumed"": [""iter1.b0"", ""iter1.b1"", ""iter1.b2"", ""iter1.b3"", ""iter1.b4"", ""iter1.b5""]}}]",19505,12809,2593,0.4223994,[],[],[],"[""DAR-00981"", ""DAR-00982"", ""DAR-00974"", ""DAR-00976"", ""DAR-00910"", ""DAR-00970"", ""DAR-00971"", ""DAR-00973"", ""DAR-00931"", ""DAR-00958"", ""DAR-00962"", ""DAR-00963"", ""DAR-00992"", ""DAR-00993""]",[],piece8_term_injection,2026-07-03T22:29:33.953443,[],[],,,,,,[],[],"[""iter1.b0"", ""iter1.b1"", ""iter1.b2"", ""iter1.b3"", ""iter1.b4"", ""iter1.b5""]"
BAR-00012,BG033,promoted,pre_s2t_reasoning,2026-07-03T22:58:40.573501,,2026-07-03T22:59:30.772469,"[""customers"", ""orders""]",,1,converged_soft,"WITH order_months AS (
  SELECT
    o.order_id,
    c.customer_unique_id,
    DATE_TRUNC('month', o.order_purchase_timestamp) AS order_month,
    o.order_purchase_timestamp
  FROM raw_olist.orders o
  INNER JOIN raw_olist.customers c
    ON o.customer_id = c.customer_id
  WHERE o.order_status != 'canceled'
),
prior_orders AS (
  SELECT
    om.order_id,
    om.customer_unique_id,
    om.order_month,
    CASE
      WHEN EXISTS (
        SELECT 1
        FROM order_months prior
        WHERE prior.customer_unique_id = om.customer_unique_id
          AND prior.order_purchase_timestamp < om.order_purchase_timestamp
      ) THEN 1
      ELSE 0
    END AS is_repeat_customer
  FROM order_months om
)
SELECT
  order_month,
  COUNT(*) AS total_orders,
  SUM(is_repeat_customer) AS repeat_customer_orders,
  ROUND(100.0 * SUM(is_repeat_customer) / COUNT(*), 2) AS repeat_customer_rate
FROM prior_orders
GROUP BY order_month
ORDER BY order_month",,Percent,"The repeat customer rate metric tracks monthly trends in customer loyalty by measuring what percentage of orders each month come from customers who have previously ordered. The query returned 24 monthly observations spanning September 2016 through August 2018. Early months show very low repeat rates (0-1%), consistent with a new marketplace building its customer base. The metric excludes canceled orders and correctly identifies repeat customers using the stable customer_unique_id identifier, ensuring the same person is tracked across multiple order_id keys. This time-series view enables stakeholders to monitor the platform's success in converting first-time buyers into loyal repeat customers.","[""aggregation: share of orders (numerator: repeat customer orders, denominator: all orders)"", ""grain: per month of order purchase"", ""filter: repeat customer = person with at least one earlier order at any prior time"", ""join: person identity must use stable customer identifier, not order-scoped key""]",[],high,"All four term conditions achieved COVERED status in iteration 1 with 100% semantic alignment and shadow rubric scores. The SQL correctly implements monthly grain, stable person identity via customer_unique_id, temporal prior-order detection, and ratio aggregation. Convergence on first iteration with complete condition coverage and empirical validation via DAR-00931 (timestamp coverage) and DAR-00971 (order_status distribution) supports high confidence.",false,,2026-07-04T01:05:00.000000,olist_experiment,,,"[{""iteration_num"": 1, ""query_sql"": ""WITH order_months AS (\n  SELECT\n    o.order_id,\n    c.customer_unique_id,\n    DATE_TRUNC('month', o.order_purchase_timestamp) AS order_month,\n    o.order_purchase_timestamp\n  FROM raw_olist.orders o\n  INNER JOIN raw_olist.customers c\n    ON o.customer_id = c.customer_id\n  WHERE o.order_status != 'canceled'\n),\nprior_orders AS (\n  SELECT\n    om.order_id,\n    om.customer_unique_id,\n    om.order_month,\n    CASE\n      WHEN EXISTS (\n        SELECT 1\n        FROM order_months prior\n        WHERE prior.customer_unique_id = om.customer_unique_id\n          AND prior.order_purchase_timestamp < om.order_purchase_timestamp\n      ) THEN 1\n      ELSE 0\n    END AS is_repeat_customer\n  FROM order_months om\n)\nSELECT\n  order_month,\n  COUNT(*) AS total_orders,\n  SUM(is_repeat_customer) AS repeat_customer_orders,\n  ROUND(100.0 * SUM(is_repeat_customer) / COUNT(*), 2) AS repeat_customer_rate\nFROM prior_orders\nGROUP BY order_month\nORDER BY order_month"", ""result_summary"": {""row_count"": 24, ""sample_rows"": [[""2016-09-01 00:00:00"", 2, 0, 0.0], [""2016-10-01 00:00:00"", 300, 3, 1.0], [""2016-12-01 00:00:00"", 1, 0, 0.0]]}, ""llm_self_reflection"": ""First iteration SQL correctly implements all four term conditions. Uses customer_unique_id for stable person identity, DATE_TRUNC for monthly grain, EXISTS subquery for temporal prior-order detection, and ratio aggregation. Sample output shows 24 months (2016-09 through 2018-08) with sensible repeat rates (0-1% early months). DAR-00931 confirms order_purchase_timestamp coverage, DAR-00971 validates order_status filter exclusion of canceled orders."", ""term_condition_assessment"": [{""condition"": ""aggregation: share of orders (numerator: repeat customer orders, denominator: all orders)"", ""status"": ""COVERED"", ""evidence"": ""ROUND(100.0 * SUM(is_repeat_customer) / COUNT(*), 2) computes repeat_customer_orders/total_orders as percentage""}, {""condition"": ""grain: per month of order purchase"", ""status"": ""COVERED"", ""evidence"": ""DATE_TRUNC('month', o.order_purchase_timestamp) AS order_month with GROUP BY order_month produces monthly grain""}, {""condition"": ""filter: repeat customer = person with at least one earlier order at any prior time"", ""status"": ""COVERED"", ""evidence"": ""EXISTS subquery WHERE prior.customer_unique_id = om.customer_unique_id AND prior.order_purchase_timestamp < om.order_purchase_timestamp""}, {""condition"": ""join: person identity must use stable customer identifier, not order-scoped key"", ""status"": ""COVERED"", ""evidence"": ""INNER JOIN customers c ON o.customer_id = c.customer_id retrieves customer_unique_id; repeat logic uses customer_unique_id throughout""}], ""gates_result"": {""compile"": ""pass"", ""run"": ""pass"", ""row_count_ok"": true, ""bridge_coverage"": ""skipped_no_dars"", ""semantic_alignment"": 100, ""shadow_rubric_score"": 100, ""input_tokens"": 7824, ""output_tokens"": 1538, ""cache_read_input_tokens"": 0, ""cache_creation_input_tokens"": 18751, ""budget_used_usd"": 0.159048, ""semantic_model_consumed"": [], ""dbt_semantic_model_consumed"": []}, ""semantic_alignment_score"": 100, ""shadow_rubric_score"": 100, ""shadow_rubric_arithmetic_drift_flag"": false, ""scope_sanity_answer"": ""yes"", ""bundle_trimmed_layers"": [], ""response"": {""ontology_consumed"": [], ""domain_facts_consumed"": [], ""analysis_findings_consumed"": [], ""dar_consumed"": [""DAR-00996"", ""DAR-00970"", ""DAR-00931"", ""DAR-00971"", ""DAR-00909"", ""DAR-00908""], ""prior_bar_consumed"": [], ""semantic_model_consumed"": [], ""dbt_semantic_model_consumed"": [], ""bridge_coverage_consulted"": [], ""tars_consulted"": [], ""stage_a_blockers_consumed"": [""iter1.b0"", ""iter1.b1"", ""iter1.b2""]}}]",9454,12425,2298,0.2362374,[],[],[],"[""DAR-00996"", ""DAR-00970"", ""DAR-00931"", ""DAR-00971"", ""DAR-00909"", ""DAR-00908""]",[],piece8_term_injection,2026-07-03T22:58:40.573501,[],[],,,,,,[],[],"[""iter1.b0"", ""iter1.b1"", ""iter1.b2""]"
BAR-00013,BG034,hard_stop,pre_s2t_reasoning,2026-07-04T00:17:43.942513,,2026-07-04T00:18:15.088046,"[""customers"", ""orders""]",,1,hard_stop_citation_audit_failure,"WITH orders_with_person AS (
  SELECT 
    o.order_id,
    o.order_purchase_timestamp,
    c.customer_unique_id
  FROM main_staging.stg_olist__orders o
  INNER JOIN main_staging.stg_olist__customers c
    ON o.customer_id = c.customer_id
  WHERE o.order_status != 'canceled'
),
repeat_flag AS (
  SELECT 
    order_id,
    order_purchase_timestamp,
    customer_unique_id,
    CASE 
      WHEN COUNT(*) OVER (
        PARTITION BY customer_unique_id 
        ORDER BY order_purchase_timestamp 
        ROWS BETWEEN UNBOUNDED PRECEDING AND 1 PRECEDING
      ) >= 1 THEN 1
      ELSE 0
    END AS is_repeat_order
  FROM orders_with_person
)
SELECT 
  DATE_TRUNC('month', order_purchase_timestamp) AS order_month,
  COUNT(*) AS total_orders,
  SUM(is_repeat_order) AS repeat_orders,
  ROUND(100.0 * SUM(is_repeat_order) / COUNT(*), 2) AS repeat_customer_rate
FROM repeat_flag
GROUP BY DATE_TRUNC('month', order_purchase_timestamp)
ORDER BY order_month",,Percent,"The query attempted to compute repeat customer rate by month, defined as the share of orders placed by customers who had at least one prior order. The SQL used a window function with ROWS BETWEEN UNBOUNDED PRECEDING AND 1 PRECEDING to count prior orders per customer_unique_id, then aggregated by month to produce total_orders, repeat_orders, and repeat_customer_rate as a percentage. However, the query failed citation audit due to unknown SQL keywords (UNBOUNDED, PRECEDING) not recognized in the semantic model layer, preventing execution and yielding zero result rows.",[],[],failed,"This run terminates with hard_stop_citation_audit_failure due to unrecognized window-function syntax (UNBOUNDED PRECEDING). The query logic appears sound—joining orders to customers via customer_id, filtering out canceled orders, and applying temporal ordering by order_purchase_timestamp—but the citation audit gate blocked execution before the SQL could compile or run, leaving no empirical validation of correctness or alignment with the business definition.",true,Convergence reason: hard_stop_citation_audit_failure,,,,,"[{""iteration_num"": 1, ""query_sql"": ""WITH orders_with_person AS (\n  SELECT \n    o.order_id,\n    o.order_purchase_timestamp,\n    c.customer_unique_id\n  FROM main_staging.stg_olist__orders o\n  INNER JOIN main_staging.stg_olist__customers c\n    ON o.customer_id = c.customer_id\n  WHERE o.order_status != 'canceled'\n),\nrepeat_flag AS (\n  SELECT \n    order_id,\n    order_purchase_timestamp,\n    customer_unique_id,\n    CASE \n      WHEN COUNT(*) OVER (\n        PARTITION BY customer_unique_id \n        ORDER BY order_purchase_timestamp \n        ROWS BETWEEN UNBOUNDED PRECEDING AND 1 PRECEDING\n      ) >= 1 THEN 1\n      ELSE 0\n    END AS is_repeat_order\n  FROM orders_with_person\n)\nSELECT \n  DATE_TRUNC('month', order_purchase_timestamp) AS order_month,\n  COUNT(*) AS total_orders,\n  SUM(is_repeat_order) AS repeat_orders,\n  ROUND(100.0 * SUM(is_repeat_order) / COUNT(*), 2) AS repeat_customer_rate\nFROM repeat_flag\nGROUP BY DATE_TRUNC('month', order_purchase_timestamp)\nORDER BY order_month"", ""result_summary"": {""row_count"": 0, ""sample_rows"": []}, ""llm_self_reflection"": """", ""term_condition_assessment"": [], ""gates_result"": {""compile"": ""not_evaluated"", ""run"": ""not_evaluated"", ""citation_audit"": ""fail"", ""unknown_refs"": [""column:PRECEDING"", ""column:UNBOUNDED""], ""semantic_alignment"": null, ""shadow_rubric_score"": null, ""input_tokens"": 4968, ""output_tokens"": 680, ""cache_read_input_tokens"": 0, ""cache_creation_input_tokens"": 9677, ""budget_used_usd"": 0.083166, ""semantic_model_consumed"": [], ""dbt_semantic_model_consumed"": [""stg_olist__customers"", ""stg_olist__orders""]}, ""semantic_alignment_score"": null, ""shadow_rubric_score"": null, ""shadow_rubric_arithmetic_drift_flag"": false, ""scope_sanity_answer"": null, ""bundle_trimmed_layers"": [], ""response"": {""ontology_consumed"": [], ""domain_facts_consumed"": [], ""analysis_findings_consumed"": [], ""dar_consumed"": [""DAR-00996"", ""DAR-00970"", ""DAR-00931"", ""DAR-00973"", ""DAR-00909""], ""prior_bar_consumed"": [], ""semantic_model_consumed"": [], ""dbt_semantic_model_consumed"": [""stg_olist__customers"", ""stg_olist__orders""], ""bridge_coverage_consulted"": [], ""tars_consulted"": [], ""stage_a_blockers_consumed"": [""iter1.b0"", ""iter1.b2""]}}]",9755,8676,1322,0.158368,[],[],[],"[""DAR-00996"", ""DAR-00970"", ""DAR-00931"", ""DAR-00973"", ""DAR-00909""]",[],piece8_term_injection,2026-07-04T00:17:43.942513,[],"[""stg_olist__customers"", ""stg_olist__orders""]",,,,,,[],[],"[""iter1.b0"", ""iter1.b2""]"
